"X","log2FoldChange","pvalue","padj","source","miclab"
"Abyssicoccus.albus",NA,NA,NA,"ORIEN",NA
"Acetilactobacillus.jinshanensis",-0.500225087025763,0.864109734599397,0.999646010327647,"ORIEN",NA
"Acetivibrio.saccincola",NA,NA,NA,"ORIEN",NA
"Acetobacter.sp..KACC.21233",-0.500225087025763,0.864109734599397,0.999646010327647,"ORIEN",NA
"Acetomicrobium.mobile",NA,NA,NA,"ORIEN",NA
"Acholeplasma.brassicae",NA,NA,NA,"ORIEN",NA
"Achromobacter.deleyi",0,1,NA,"ORIEN",NA
"Achromobacter.xylosoxidans",0.720445792547378,0.805109690564353,0.999646010327647,"ORIEN",NA
"Acidaminococcus.fermentans",-0.535671376208775,0.85458005294279,0.999646010327647,"ORIEN",NA
"Acidaminococcus.intestini",-0.958390986558469,0.742887533562589,0.999646010327647,"ORIEN",NA
"Acidianus.manzaensis",-1.06598993958875,0.70864926615258,0.999646010327647,"ORIEN",NA
"Acidibrevibacterium.fodinaquatile",0,1,NA,"ORIEN",NA
"Acidimicrobium.ferrooxidans",NA,NA,NA,"ORIEN",NA
"Acidobacterium.capsulatum",NA,NA,NA,"ORIEN",NA
"Acidovorax.avenae",0.174032952598504,0.952497423225137,0.999646010327647,"ORIEN",NA
"Acidovorax.carolinensis",0.117278908946891,0.967980009518078,0.999646010327647,"ORIEN",NA
"Acidovorax.sp..KKS102",1.17388688227735,0.68753145024401,0.999646010327647,"ORIEN",NA
"Acinetobacter.baumannii",0,1,NA,"ORIEN",NA
"Acinetobacter.calcoaceticus",-0.24270911061722,0.798656881189204,0.999646010327647,"ORIEN",NA
"Acinetobacter.haemolyticus",-0.568190523434566,0.845855246383749,0.999646010327647,"ORIEN",NA
"Acinetobacter.lanii",-0.244861537132016,0.933231320164102,0.999646010327647,"ORIEN",NA
"Acinetobacter.lwoffii",NA,NA,NA,"ORIEN",NA
"Acinetobacter.radioresistens",-0.500225087011781,0.86410973460316,0.999646010327647,"ORIEN",NA
"Acinetobacter.schindleri",NA,NA,NA,"ORIEN",NA
"Acinetobacter.sp..MYb10",0.358627795400256,0.902281428594802,0.999646010327647,"ORIEN",NA
"Actinocatenispora.thailandica",-0.244861545593661,0.933231317862782,0.999646010327647,"ORIEN",NA
"Actinomyces.naeslundii",-0.108787409960394,0.970303955946346,0.999646010327647,"ORIEN",NA
"Actinomyces.pacaensis",-0.258366559232998,0.929559128548968,0.999646010327647,"ORIEN",NA
"Actinoplanes.friuliensis",-0.468402965964607,0.872681580155039,0.999646010327647,"ORIEN",NA
"Actinoplanes.sp..L3.i22",0.176437201297256,0.93401110471043,0.999646010327647,"ORIEN",NA
"Actinoplanes.sp..OR16",0.6684111026389,0.72728492422327,0.999646010327647,"ORIEN",NA
"Actinopolyspora.erythraea",-0.311157287775652,0.915220874127403,0.999646010327647,"ORIEN",NA
"Actinosynnema.pretiosum",-0.158864460131802,0.956617809794607,0.999646010327647,"ORIEN",NA
"Acutalibacter.muris",-0.553764097203649,0.786014036105372,0.999646010327647,"ORIEN",NA
"Adlercreutzia.equolifaciens",-0.304763045042039,0.916956114890669,0.999646010327647,"ORIEN",NA
"Adlercreutzia.sp..8CFCBH1",-0.113649455882098,0.968977549479511,0.999646010327647,"ORIEN",NA
"Aeoliella.mucimassa",-0.500225087022002,0.864109734600409,0.999646010327647,"ORIEN",NA
"Aeromicrobium.chenweiae",-0.244861545593661,0.933231317862782,0.999646010327647,"ORIEN",NA
"Aeromonas.salmonicida",-0.746973372527394,0.798242939379412,0.999646010327647,"ORIEN",NA
"Aeromonas.sp..WP2.W18.CRE.05",0.66901987171154,0.818779271842288,0.999646010327647,"ORIEN",NA
"Aerosticca.soli",NA,NA,NA,"ORIEN",NA
"Agrobacterium.tumefaciens",0.650833928323097,0.772428123263928,0.999646010327647,"ORIEN",NA
"Akkermansia.muciniphila",-1.92535954073116,0.438994584056319,0.999646010327647,"ORIEN",NA
"Alcaligenes.faecalis",0.353176021793335,0.903684532803017,0.999646010327647,"ORIEN",NA
"Alcanivorax.sp..N3.2A",0,1,NA,"ORIEN",NA
"Alicyclobacillus.sp..TC",-0.622352048145211,0.831364501337077,0.999646010327647,"ORIEN",NA
"Alistipes.communis",-0.700211821941676,0.805458493393189,0.999646010327647,"ORIEN",NA
"Alistipes.dispar",1.19399363334885,0.635651820582694,0.999646010327647,"ORIEN",NA
"Alistipes.finegoldii",-0.54491092846845,0.842805583661761,0.999646010327647,"ORIEN",NA
"Alistipes.indistinctus",-0.989841250627545,0.717154380077348,0.999646010327647,"ORIEN",NA
"Alistipes.megaguti",-1.32775553734822,0.649117930717779,0.999646010327647,"ORIEN",NA
"Alistipes.onderdonkii",-0.221305157025739,0.939564803663488,0.999646010327647,"ORIEN",NA
"Alistipes.shahii",-2.8157164726373,0.244427838003062,0.999646010327647,"ORIEN",NA
"Alistipes.sp..dk3624",0.117528476998638,0.967911900344312,0.999646010327647,"ORIEN",NA
"Alkalibacter.sp..ES005",-0.622352048145211,0.831364501337077,0.999646010327647,"ORIEN",NA
"Alkalitalea.saponilacus",NA,NA,NA,"ORIEN",NA
"Alloactinosynnema.sp..L.07",-0.274906916386806,0.925040456562406,0.999646010327647,"ORIEN",NA
"Alloprevotella.sp..E39",1.30753539227072,0.654118908611146,0.999646010327647,"ORIEN",NA
"Amedibacterium.intestinale",-0.622352048145211,0.831364501337077,0.999646010327647,"ORIEN",NA
"Aminipila.butyrica",-1.87139967420107,0.521436640689572,0.999646010327647,"ORIEN",NA
"Aminipila.sp..JN.18",NA,NA,NA,"ORIEN",NA
"Aminipila.terrae",-1.11780769024848,0.701975564025783,0.999646010327647,"ORIEN",NA
"Aminobacterium.colombiense",0,1,NA,"ORIEN",NA
"Amniculibacterium.sp..G2.70",0.474851694792681,0.870843261329904,0.999646010327647,"ORIEN",NA
"Amycolatopsis.mediterranei",-0.687226814500957,0.814081564380635,0.999646010327647,"ORIEN",NA
"Amycolatopsis.sp..BJA.103",-0.302327214593233,0.91761725126774,0.999646010327647,"ORIEN",NA
"Amycolatopsis.sp..CA.230715",-0.500225087042424,0.864109734594913,0.999646010327647,"ORIEN",NA
"Amycolatopsis.sp..YIM.10",-0.521243628654885,0.858456508597512,0.999646010327647,"ORIEN",NA
"Anaerobutyricum.hallii",-0.368824095013466,0.869005565787124,0.999646010327647,"ORIEN",NA
"Anaerococcus.mediterraneensis",-0.632008538764755,0.828764852907732,0.999646010327647,"ORIEN",NA
"Anaerococcus.obesiensis",-0.622352048089537,0.831364501351945,0.999646010327647,"ORIEN",NA
"Anaerococcus.prevotii",NA,NA,NA,"ORIEN",NA
"Anaerocolumna.cellulosilytica",-0.145824008885426,0.958047052113656,0.999646010327647,"ORIEN",NA
"Anaerocolumna.sedimenticola",-0.746955292990812,0.798247720207398,0.999646010327647,"ORIEN",NA
"Anaerocolumna.sp..CTTW",-2.40498334882349,0.344886705622124,0.999646010327647,"ORIEN",NA
"Anaerohalosphaera.lusitana",NA,NA,NA,"ORIEN",NA
"Anaeromyxobacter.dehalogenans",0.0208521899757121,0.993818016128815,0.999646010327647,"ORIEN",NA
"Anaerostipes.caccae",-0.905727649575779,0.756568441755792,0.999646010327647,"ORIEN",NA
"Anaerostipes.hadrus",0.391162250059817,0.867699101498959,0.999646010327647,"ORIEN",NA
"Anaerotignum.propionicum",0.344746778161248,0.850518840134616,0.999646010327647,"ORIEN",NA
"Anatilimnocola.aggregata",0.0429976280768716,0.988258737754866,0.999646010327647,"ORIEN",NA
"Anoxybacter.fermentans",-0.968845587597774,0.740180920357796,0.999646010327647,"ORIEN",NA
"Anseongella.ginsenosidimutans",-0.331195332396664,0.909785871792627,0.999646010327647,"ORIEN",NA
"Anthocerotibacter.panamensis",NA,NA,NA,"ORIEN",NA
"Aquaspirillum.sp..LM1",0.174214590833821,0.952447894208024,0.999646010327647,"ORIEN",NA
"Aquihabitans.sp..G128",0.551684874009764,0.82924069645596,0.999646010327647,"ORIEN",NA
"Aquiluna.borgnonia",1.54967404709274,0.476647225904748,0.999646010327647,"ORIEN",NA
"Aquimarina.sp..TRL1",NA,NA,NA,"ORIEN",NA
"Aquirhabdus.parva",NA,NA,NA,"ORIEN",NA
"Aquirufa.nivalisilvae",0.0303838085995088,0.99170312084653,0.999646010327647,"ORIEN",NA
"Aquitalea.magnusonii",-0.302327214593233,0.91761725126774,0.999646010327647,"ORIEN",NA
"Arabia.massiliensis",-0.453741561657632,0.876635854681378,0.999646010327647,"ORIEN",NA
"Arachidicoccus.soli",-0.181262956693541,0.9505372237664,0.999646010327647,"ORIEN",NA
"Arachidicoccus.sp..B3.10",-0.521006748152084,0.858520181913547,0.999646010327647,"ORIEN",NA
"Arcanobacterium.phocisimile",NA,NA,NA,"ORIEN",NA
"Arcticibacterium.luteifluviistationis",-0.108787413563777,0.970303954963278,0.999646010327647,"ORIEN",NA
"Arenimonas.daejeonensis",0,1,NA,"ORIEN",NA
"Arthrobacter.sp..D5.1",NA,NA,NA,"ORIEN",NA
"Arthrobacter.sp..KBS0702",-0.500225087029238,0.864109734598462,0.999646010327647,"ORIEN",NA
"Arthrobacter.sp..PGP41",-0.622352048116941,0.831364501344626,0.999646010327647,"ORIEN",NA
"Arthrobacter.sp..U41",NA,NA,NA,"ORIEN",NA
"Arthrobacter.sp..UKPF54.2",-0.302327214593233,0.91761725126774,0.999646010327647,"ORIEN",NA
"Asaia.bogorensis",-0.500225087031425,0.864109734597873,0.999646010327647,"ORIEN",NA
"Aspergillus.chevalieri",-1.02630285100129,0.683352597862507,0.999646010327647,"ORIEN",NA
"Aspergillus.fumigatus",-0.0890306377789236,0.975689299791505,0.999646010327647,"ORIEN",NA
"Aspergillus.luchuensis",-0.17949842871321,0.951024675555161,0.999646010327647,"ORIEN",NA
"Aspergillus.oryzae",2.24888286539771,0.0233542355497875,0.999646010327647,"ORIEN","ORIEN"
"Aspergillus.puulaauensis",1.32072192177845,0.604822633615887,0.999646010327647,"ORIEN",NA
"Asticcacaulis.excentricus",-0.313794370510165,0.914493138277191,0.999646010327647,"ORIEN",NA
"Atopobium.sp..oral.taxon.416",NA,NA,NA,"ORIEN",NA
"Atribacter.laminatus",-0.500225087025763,0.864109734599397,0.999646010327647,"ORIEN",NA
"Aurantimicrobium.sp..MWH.Mo1",-0.20134007816989,0.945067872926592,0.999646010327647,"ORIEN",NA
"Austwickia.chelonae",-0.244861545593661,0.933231317862782,0.999646010327647,"ORIEN",NA
"Azospirillum.brasilense",-0.108787409960394,0.970303955946346,0.999646010327647,"ORIEN",NA
"Babesia.bigemina",-0.292191667340324,0.91090196198041,0.999646010327647,"ORIEN",NA
"Babesia.bovis",-0.160052244386736,0.841917408769591,0.999646010327647,"ORIEN",NA
"Babesia.microti",0.343648703163115,0.65265778301752,0.999646010327647,"ORIEN",NA
"Bacillus.altitudinis",-0.695760460521053,0.811814575407379,0.999646010327647,"ORIEN",NA
"Bacillus.amyloliquefaciens",-0.520233960055764,0.858727913076658,0.999646010327647,"ORIEN",NA
"Bacillus.anthracis",NA,NA,NA,"ORIEN",NA
"Bacillus.cereus",0.209741183409948,0.756316529800432,0.999646010327647,"ORIEN",NA
"Bacillus.methanolicus",NA,NA,NA,"ORIEN",NA
"Bacillus.sp..PAMC26568",-0.622352048089537,0.831364501351945,0.999646010327647,"ORIEN",NA
"Bacillus.subtilis",-0.816736172468397,0.779660330094247,0.999646010327647,"ORIEN",NA
"Bacillus.thuringiensis",-1.01298124375918,0.705338855313107,0.999646010327647,"ORIEN",NA
"Bacillus.toyonensis",NA,NA,NA,"ORIEN",NA
"Bacillus.velezensis",0.74674019218245,0.798142604448334,0.999646010327647,"ORIEN",NA
"Bacteriovorax.stolpii",-0.244861548570365,0.933231317053205,0.999646010327647,"ORIEN",NA
"Bacteroides.caccae",0.145873675782769,0.953543062465815,0.999646010327647,"ORIEN",NA
"Bacteroides.caecimuris",-0.235681453965206,0.935728386294284,0.999646010327647,"ORIEN",NA
"Bacteroides.cellulosilyticus",1.86200272149013,0.495314889206899,0.999646010327647,"ORIEN",NA
"Bacteroides.coprosuis",-1.14232340225693,0.695755761068644,0.999646010327647,"ORIEN",NA
"Bacteroides.eggerthii",-2.79525169844761,0.337628913237317,0.999646010327647,"ORIEN",NA
"Bacteroides.fragilis",-3.61971710447241,0.0367495274470527,0.999646010327647,"ORIEN","ORIEN"
"Bacteroides.helcogenes",-0.641071611001115,0.826368914340091,0.999646010327647,"ORIEN",NA
"Bacteroides.heparinolyticus",-0.453741561657632,0.876635854681378,0.999646010327647,"ORIEN",NA
"Bacteroides.intestinalis",-0.00188565073637627,0.999484980043443,0.999999659038691,"ORIEN",NA
"Bacteroides.luhongzhouii",-1.07014590496203,0.714011597008691,0.999646010327647,"ORIEN",NA
"Bacteroides.ovatus",-3.42450850918336,0.159741583838764,0.999646010327647,"ORIEN",NA
"Bacteroides.salyersiae",0.101000733508594,0.970064095315227,0.999646010327647,"ORIEN",NA
"Bacteroides.sp..CBA7301",-0.884539629329341,0.762093640109923,0.999646010327647,"ORIEN",NA
"Bacteroides.sp..M10",-1.04649219310495,0.72018026790073,0.999646010327647,"ORIEN",NA
"Bacteroides.sp..ZJ.18",NA,NA,NA,"ORIEN",NA
"Bacteroides.thetaiotaomicron",-0.0906906164281344,0.963099122698372,0.999646010327647,"ORIEN",NA
"Bacteroides.uniformis",2.31925048579803,0.285051054356851,0.999646010327647,"ORIEN",NA
"Bacteroides.xylanisolvens",-1.11780769024848,0.701975564025783,0.999646010327647,"ORIEN",NA
"Bacteroides.zhangwenhongi",-1.35194477449171,0.643386430580566,0.999646010327647,"ORIEN",NA
"Bacteroides.zoogleoformans",NA,NA,NA,"ORIEN",NA
"Barnesiella.viscericola",-0.550827198364463,0.83990189539045,0.999646010327647,"ORIEN",NA
"Bernardetia.litoralis",-1.14232340225693,0.695755761068644,0.999646010327647,"ORIEN",NA
"Besnoitia.besnoiti",-0.173084853414911,0.848168790836915,0.999646010327647,"ORIEN",NA
"Bibersteinia.trehalosi",0,1,NA,"ORIEN",NA
"Bifidobacterium.adolescentis",-0.244861537132016,0.933231320164102,0.999646010327647,"ORIEN",NA
"Bifidobacterium.asteroides",-0.500225087011781,0.86410973460316,0.999646010327647,"ORIEN",NA
"Bifidobacterium.bifidum",0.0303838160606156,0.991703118809143,0.999646010327647,"ORIEN",NA
"Bifidobacterium.dentium",1.49577118751834,0.525648906873267,0.999646010327647,"ORIEN",NA
"Bifidobacterium.longum",-0.500860715107378,0.852004160668731,0.999646010327647,"ORIEN",NA
"Bifidobacterium.pseudocatenulatum",NA,NA,NA,"ORIEN",NA
"Bifidobacterium.pullorum",0.0160187061032904,0.995625794128427,0.999646010327647,"ORIEN",NA
"Bigelowiella.natans",1.04986175950683,0.353618585658351,0.999646010327647,"ORIEN",NA
"Blautia.argi",-1.69435444795362,0.561125008395874,0.999646010327647,"ORIEN",NA
"Blautia.hansenii",-0.576448336344626,0.843433288289721,0.999646010327647,"ORIEN",NA
"Blautia.obeum",-1.21818646595209,0.628881800107203,0.999646010327647,"ORIEN",NA
"Blautia.producta",-0.272421699899061,0.925728605009264,0.999646010327647,"ORIEN",NA
"Blautia.pseudococcoides",-1.25039012566019,0.652515227316692,0.999646010327647,"ORIEN",NA
"Blautia.sp..LZLJ.3",-0.146510003055734,0.960015699701609,0.999646010327647,"ORIEN",NA
"Blautia.sp..SC05B48",1.34021125799135,0.565105902778205,0.999646010327647,"ORIEN",NA
"Bombilactobacillus.bombi",-0.453741561657632,0.876635854681378,0.999646010327647,"ORIEN",NA
"Bordetella.holmesii",-0.212053127202085,0.927738328507422,0.999646010327647,"ORIEN",NA
"Bordetella.trematum",0.168470529946923,0.954014259729705,0.999646010327647,"ORIEN",NA
"Borrelia.anserina",NA,NA,NA,"ORIEN",NA
"Bosea.vaviloviae",0.358627795400256,0.902281428594802,0.999646010327647,"ORIEN",NA
"Botrytis.cinerea",0.32233076723702,0.718291228000064,0.999646010327647,"ORIEN",NA
"Brachybacterium.avium",0.104879949262572,0.971364030854889,0.999646010327647,"ORIEN",NA
"Brachybacterium.saurashtrense",-0.0999361892973079,0.972718884086268,0.999646010327647,"ORIEN",NA
"Brachybacterium.sp..SGAir0954",-0.108787413563777,0.970303954963278,0.999646010327647,"ORIEN",NA
"Brachyspira.murdochii",-0.275411495067365,0.924926703954302,0.999646010327647,"ORIEN",NA
"Bradyrhizobium.erythrophlei",0.272115120998265,0.925781602589848,0.999646010327647,"ORIEN",NA
"Bradyrhizobium.sp.",NA,NA,NA,"ORIEN",NA
"Bradyrhizobium.sp..BTAi1",1.03864580472201,0.721969937810058,0.999646010327647,"ORIEN",NA
"Bradyrhizobium.sp..PSBB068",-0.108787655184734,0.970303889044759,0.999646010327647,"ORIEN",NA
"Bradyrhizobium.sp..SK17",0,1,NA,"ORIEN",NA
"Brazilian.marseillevirus",NA,NA,NA,"ORIEN",NA
"Brettanomyces.bruxellensis",-0.206103402145142,0.931171063715083,0.999646010327647,"ORIEN",NA
"Brettanomyces.nanus",0.885244193655613,0.381593089010283,0.999646010327647,"ORIEN",NA
"Brevefilum.fermentans",-1.14957500241331,0.693764476049609,0.999646010327647,"ORIEN",NA
"Brevibacillus.choshinensis",NA,NA,NA,"ORIEN",NA
"Brevibacterium.casei",-0.500225087010871,0.864109734603405,0.999646010327647,"ORIEN",NA
"Brevibacterium.sp..CS2",NA,NA,NA,"ORIEN",NA
"Brevundimonas.sp..Bb.A",-0.453741561657632,0.876635854681378,0.999646010327647,"ORIEN",NA
"Brevundimonas.sp..M20",-0.108787653956816,0.970303889379757,0.999646010327647,"ORIEN",NA
"Buchnera.aphidicola",-0.152713015213034,0.958324592253449,0.999646010327647,"ORIEN",NA
"Bulleidia.sp..zg.1006",-2.33041472140185,0.424357957934832,0.999646010327647,"ORIEN",NA
"Burkholderia.ambifaria",-1.14232340218485,0.695755761086901,0.999646010327647,"ORIEN",NA
"Burkholderia.contaminans",0,1,NA,"ORIEN",NA
"Burkholderia.glumae",-0.902559866459749,0.757393730711937,0.999646010327647,"ORIEN",NA
"Butyricimonas.faecalis",1.19617343050886,0.681915252490138,0.999646010327647,"ORIEN",NA
"Butyricimonas.virosa",-0.0612565575154202,0.983267626339811,0.999646010327647,"ORIEN",NA
"Butyrivibrio.fibrisolvens",-1.46363723985136,0.615981359629878,0.999646010327647,"ORIEN",NA
"Butyrivibrio.hungatei",-0.53611880620129,0.854367740848835,0.999646010327647,"ORIEN",NA
"Butyrivibrio.proteoclasticus",-0.244861536797512,0.933231320255078,0.999646010327647,"ORIEN",NA
"Caballeronia.insecticola",-0.473735121146137,0.871244226326004,0.999646010327647,"ORIEN",NA
"Calditerrivibrio.nitroreducens",NA,NA,NA,"ORIEN",NA
"Caloranaerobacter.azorensis",-0.216283387079036,0.936609498638795,0.999646010327647,"ORIEN",NA
"Calothrix.sp..NIES.2098",0.0303838131040802,0.991703119616477,0.999646010327647,"ORIEN",NA
"Calothrix.sp..PCC.6303",NA,NA,NA,"ORIEN",NA
"Calycomorphotria.hydatis",NA,NA,NA,"ORIEN",NA
"Caminibacter.pacificus",NA,NA,NA,"ORIEN",NA
"Campylobacter.blaseri",-0.0195534145463022,0.994660788032533,0.999646010327647,"ORIEN",NA
"Campylobacter.coli",NA,NA,NA,"ORIEN",NA
"Campylobacter.concisus",-2.05059755066018,0.480678888271138,0.999646010327647,"ORIEN",NA
"Campylobacter.cuniculorum",NA,NA,NA,"ORIEN",NA
"Campylobacter.curvus",-0.622352048131288,0.831364501340796,0.999646010327647,"ORIEN",NA
"Campylobacter.gracilis",-4.94487463342111,0.0599214591396309,0.999646010327647,"ORIEN",NA
"Campylobacter.hepaticus",NA,NA,NA,"ORIEN",NA
"Campylobacter.hominis",NA,NA,NA,"ORIEN",NA
"Campylobacter.jejuni",NA,NA,NA,"ORIEN",NA
"Campylobacter.rectus",-0.927242976153718,0.75097001302478,0.999646010327647,"ORIEN",NA
"Campylobacter.showae",-0.884539629329341,0.762093640109923,0.999646010327647,"ORIEN",NA
"Campylobacter.sp..RM16192",NA,NA,NA,"ORIEN",NA
"Campylobacter.ureolyticus",-0.206573948404232,0.943640478396988,0.999646010327647,"ORIEN",NA
"Candida.albicans",-1.14899547343863,0.644962045134985,0.999646010327647,"ORIEN",NA
"Candida.orthopsilosis",-0.454162965665473,0.876522157015763,0.999646010327647,"ORIEN",NA
"Candidatus.Amoebophilus.asiaticus",NA,NA,NA,"ORIEN",NA
"Candidatus.Annandia.adelgestsuga",-0.244861537132016,0.933231320164102,0.999646010327647,"ORIEN",NA
"Candidatus.Aquiluna.sp..UB.MaderosW2red",1.28186669965544,0.640082528765723,0.999646010327647,"ORIEN",NA
"Candidatus.Babela.massiliensis",NA,NA,NA,"ORIEN",NA
"Candidatus.Bipolaricaulis.anaerobius",NA,NA,NA,"ORIEN",NA
"Candidatus.Cloacimonas.acidaminovorans",-0.244861536797512,0.933231320255078,0.999646010327647,"ORIEN",NA
"Candidatus.Deianiraea.vastatrix",NA,NA,NA,"ORIEN",NA
"Candidatus.Desulfovibrio.trichonymphae",NA,NA,NA,"ORIEN",NA
"Candidatus.Endolissoclinum.faulkneri",NA,NA,NA,"ORIEN",NA
"Candidatus.Erwinia.haradaeae",-0.340530470355143,0.907255381673173,0.999646010327647,"ORIEN",NA
"Candidatus.Hepatoplasma.crinochetorum",NA,NA,NA,"ORIEN",NA
"Candidatus.Izimaplasma.sp..HR1",NA,NA,NA,"ORIEN",NA
"Candidatus.Liberibacter.africanus",-0.272741232124569,0.925652244059565,0.999646010327647,"ORIEN",NA
"Candidatus.Midichloria.mitochondrii",NA,NA,NA,"ORIEN",NA
"Candidatus.Nanosynbacter.lyticus",-0.244861537132016,0.933231320164102,0.999646010327647,"ORIEN",NA
"Candidatus.Nitrosotalea.okcheonensis",-0.178041003769387,0.951421761420219,0.999646010327647,"ORIEN",NA
"Candidatus.Pelagibacter.sp..FZCC0015",-0.24486153194572,0.933231321574624,0.999646010327647,"ORIEN",NA
"Candidatus.Phytoplasma.australiense",0.0448024492929052,0.987765914872496,0.999646010327647,"ORIEN",NA
"Candidatus.Planktophila.versatilis",-0.284446810633501,0.922472209218745,0.999646010327647,"ORIEN",NA
"Candidatus.Promineofilum.breve",-0.208527788981133,0.900175918018847,0.999646010327647,"ORIEN",NA
"Candidatus.Rickettsiella.viridis",NA,NA,NA,"ORIEN",NA
"Candidatus.Sneabacter.namystus",NA,NA,NA,"ORIEN",NA
"Candidatus.Sodalis.pierantonius",-0.453741561657632,0.876635854681378,0.999646010327647,"ORIEN",NA
"Candidatus.Solibacter.usitatus",-0.199491016276249,0.945578948597931,0.999646010327647,"ORIEN",NA
"Candidatus.Sulcia.muelleri",NA,NA,NA,"ORIEN",NA
"Candidatus.Symbiobacter.mobilis",-0.244861545928413,0.933231317771739,0.999646010327647,"ORIEN",NA
"Candidatus.Syntrophocurvum.alkaliphilum",-0.871940159482612,0.765384910556836,0.999646010327647,"ORIEN",NA
"Capnocytophaga.leadbetteri",-0.746909886391402,0.798259727248327,0.999646010327647,"ORIEN",NA
"Capnocytophaga.sputigena",-0.152784902666036,0.958304995025736,0.999646010327647,"ORIEN",NA
"Caproicibacterium.amylolyticum",-0.150556739247406,0.953585846232454,0.999646010327647,"ORIEN",NA
"Caproiciproducens.sp..7D4C2",-1.7184250352823,0.538819279745557,0.999646010327647,"ORIEN",NA
"Caproiciproducens.sp..NJN.50",-1.58996340557244,0.585805204153234,0.999646010327647,"ORIEN",NA
"Carboxydocella.thermautotrophica",NA,NA,NA,"ORIEN",NA
"Carboxydothermus.hydrogenoformans",-0.500225087025763,0.864109734599397,0.999646010327647,"ORIEN",NA
"Catenovulum.sp..CCB.QB4",-0.225785205523047,0.938421022284522,0.999646010327647,"ORIEN",NA
"Cercospora.beticola",-0.302327214593233,0.91761725126774,0.999646010327647,"ORIEN",NA
"Chamaesiphon.minutus",NA,NA,NA,"ORIEN",NA
"Chitinophaga.caeni",-0.244861545593661,0.933231317862782,0.999646010327647,"ORIEN",NA
"Chitinophaga.oryzae",-0.500225087039604,0.864109734595672,0.999646010327647,"ORIEN",NA
"Chitinophaga.sp..KRA15.503",NA,NA,NA,"ORIEN",NA
"Chitinophaga.sp..MD30",-0.0515516400470962,0.985924496283156,0.999646010327647,"ORIEN",NA
"Chloroflexus.aurantiacus",-0.331195332396664,0.909785871792627,0.999646010327647,"ORIEN",NA
"Chondromyces.crocatus",-1.1423234025339,0.695755760998489,0.999646010327647,"ORIEN",NA
"Choristoneura.fumiferana.granulovirus",-0.210937608764967,0.924032041370428,0.999646010327647,"ORIEN",NA
"Christensenella.minuta",0.306905865230412,0.916322567010803,0.999646010327647,"ORIEN",NA
"Christensenella.sp..Marseille.P3954",0.20772163775967,0.94327616281208,0.999646010327647,"ORIEN",NA
"Chryseobacterium.gallinarum",-0.453741561657632,0.876635854681378,0.999646010327647,"ORIEN",NA
"Chryseobacterium.gleum",-0.500225087046415,0.864109734593839,0.999646010327647,"ORIEN",NA
"Chthonomonas.calidirosea",NA,NA,NA,"ORIEN",NA
"Citrobacter.tructae",-0.340530470355143,0.907255381673173,0.999646010327647,"ORIEN",NA
"Cloacibacillus.porcorum",-0.301281543720679,0.917825803075045,0.999646010327647,"ORIEN",NA
"Clostridioides.difficile",-2.20338660690805,0.449607205847207,0.999646010327647,"ORIEN",NA
"Clostridium.argentinense",-0.622352048198476,0.831364501322853,0.999646010327647,"ORIEN",NA
"Clostridium.baratii",0.0263164000661845,0.992813802032636,0.999646010327647,"ORIEN",NA
"Clostridium.botulinum",-1.43711034766377,0.622431331879461,0.999646010327647,"ORIEN",NA
"Clostridium.butyricum",0.940385833140342,0.745945957895371,0.999646010327647,"ORIEN",NA
"Clostridium.intestinale",-0.59271194123207,0.754507037457971,0.999646010327647,"ORIEN",NA
"Clostridium.kluyveri",-0.695760460521053,0.811814575407379,0.999646010327647,"ORIEN",NA
"Clostridium.pasteurianum",NA,NA,NA,"ORIEN",NA
"Clostridium.perfringens",-0.928930900409213,0.711180186741441,0.999646010327647,"ORIEN",NA
"Clostridium.sp...deep.sea.",-0.108787414682042,0.970303954658195,0.999646010327647,"ORIEN",NA
"Clostridium.sp..C1",0.736696257981163,0.800802059277653,0.999646010327647,"ORIEN",NA
"Clostridium.sp..CT4",-0.622352048198476,0.831364501322853,0.999646010327647,"ORIEN",NA
"Clostridium.sp..SY8519",-1.92468209915945,0.509620047158384,0.999646010327647,"ORIEN",NA
"Clostridium.tetani",0.465988762796938,0.790278041055281,0.999646010327647,"ORIEN",NA
"Clostridium.thermarum",NA,NA,NA,"ORIEN",NA
"Cobetia.sp..AM6",0.57224448532904,0.844646876153254,0.999646010327647,"ORIEN",NA
"Colletotrichum.higginsianum",-0.141364502970743,0.884479262916184,0.999646010327647,"ORIEN",NA
"Collinsella.aerofaciens",1.05109092834281,0.624672625534113,0.999646010327647,"ORIEN",NA
"Collinsella.sp..zg1085",0,1,NA,"ORIEN",NA
"Conexivisphaera.calida",0.447736420655296,0.744800932782155,0.999646010327647,"ORIEN",NA
"Coprobacter.secundus",0.294883090272541,0.919590159015521,0.999646010327647,"ORIEN",NA
"Coprococcus.catus",-2.86510268649396,0.230803185666304,0.999646010327647,"ORIEN",NA
"Coprococcus.comes",1.68993633751086,0.531645755729466,0.999646010327647,"ORIEN",NA
"Coprococcus.sp..ART55.1",-0.746909886391402,0.798259727248327,0.999646010327647,"ORIEN",NA
"Coriobacterium.glomerans",-0.235681453965206,0.935728386294284,0.999646010327647,"ORIEN",NA
"Corynebacterium.efficiens",-0.186503304040275,0.949116335991519,0.999646010327647,"ORIEN",NA
"Corynebacterium.kefirresidentii",NA,NA,NA,"ORIEN",NA
"Corynebacterium.kroppenstedtii",-0.272741232124569,0.925652244059565,0.999646010327647,"ORIEN",NA
"Corynebacterium.maris",NA,NA,NA,"ORIEN",NA
"Corynebacterium.propinquum",-0.108787409960394,0.970303955946346,0.999646010327647,"ORIEN",NA
"Corynebacterium.segmentosum",0.030383811548583,0.991703120041233,0.999646010327647,"ORIEN",NA
"Corynebacterium.striatum",-0.50022508704702,0.864109734593676,0.999646010327647,"ORIEN",NA
"Corynebacterium.xerosis",0.294883090272541,0.919590159015521,0.999646010327647,"ORIEN",NA
"Crassaminicella.sp..SY095",-0.453741561657632,0.876635854681378,0.999646010327647,"ORIEN",NA
"crAssphage.cr53_1",0.117528476998638,0.967911900344312,0.999646010327647,"ORIEN",NA
"Cronobacter.condimenti",-0.26923270779902,0.926570794712004,0.999646010327647,"ORIEN",NA
"Cryptococcus.neoformans",-0.786414622595899,0.529069919258354,0.999646010327647,"ORIEN",NA
"Cryptomonas.paramecium",1.5313102733294,0.351302622569068,0.999646010327647,"ORIEN",NA
"Cryptosporidium.parvum",0.472633963888242,0.818717452153028,0.999646010327647,"ORIEN",NA
"Cupriavidus.basilensis",0.656696191327796,0.822063246020197,0.999646010327647,"ORIEN",NA
"Cupriavidus.metallidurans",NA,NA,NA,"ORIEN",NA
"Cupriavidus.oxalaticus",0.36818866759917,0.899688981730182,0.999646010327647,"ORIEN",NA
"Cupriavidus.pauculus",NA,NA,NA,"ORIEN",NA
"Curtobacterium.flaccumfaciens",-0.8006662545676,0.75671675980331,0.999646010327647,"ORIEN",NA
"Cutibacterium.acnes",0.988666750678685,0.594818153765536,0.999646010327647,"ORIEN",NA
"Cutibacterium.granulosum",0.391680818420505,0.893323472906542,0.999646010327647,"ORIEN",NA
"Cyanobium.sp..NIES.981",-0.340530470355143,0.907255381673173,0.999646010327647,"ORIEN",NA
"Cytophaga.hutchinsonii",NA,NA,NA,"ORIEN",NA
"Debaryomyces.hansenii",-0.807297559867627,0.782333823770066,0.999646010327647,"ORIEN",NA
"Dechloromonas.sp..HYN0024",NA,NA,NA,"ORIEN",NA
"Deinococcus.ficus",-0.299335211910742,0.918429427970839,0.999646010327647,"ORIEN",NA
"Deinococcus.proteolyticus",-0.638840422878301,0.82692722070767,0.999646010327647,"ORIEN",NA
"Delftia.acidovorans",0,1,NA,"ORIEN",NA
"Delftia.lacustris",0,1,NA,"ORIEN",NA
"Denitrobacterium.detoxificans",-0.871940159482612,0.765384910556836,0.999646010327647,"ORIEN",NA
"Dermacoccus.nishinomiyaensis",-0.284446810633501,0.922472209218745,0.999646010327647,"ORIEN",NA
"Desulfatibacillum.aliphaticivorans",0.117528476998638,0.967911900344312,0.999646010327647,"ORIEN",NA
"Desulfitobacterium.dichloroeliminans",-0.500225087025763,0.864109734599397,0.999646010327647,"ORIEN",NA
"Desulfitobacterium.hafniense",NA,NA,NA,"ORIEN",NA
"Desulfobacca.acetoxidans",0.044597738786476,0.98782015442101,0.999646010327647,"ORIEN",NA
"Desulfobacter.hydrogenophilus",-0.500225087025763,0.864109734599397,0.999646010327647,"ORIEN",NA
"Desulfoglaeba.alkanexedens",0.358627795400256,0.902281428594802,0.999646010327647,"ORIEN",NA
"Desulfomicrobium.baculatum",0.321387891623946,0.912388380912361,0.999646010327647,"ORIEN",NA
"Desulfomicrobium.orale",NA,NA,NA,"ORIEN",NA
"Desulfonema.limicola",-0.500225087025763,0.864109734599397,0.999646010327647,"ORIEN",NA
"Desulfonema.magnum",-0.244861530522026,0.933231321961828,0.999646010327647,"ORIEN",NA
"Desulfosarcina.alkanivorans",-0.152670236230571,0.958332831926608,0.999646010327647,"ORIEN",NA
"Desulfoscipio.gibsoniae",-0.58234308387941,0.842063641440708,0.999646010327647,"ORIEN",NA
"Desulfosporosinus.meridiei",-0.453741561657632,0.876635854681378,0.999646010327647,"ORIEN",NA
"Desulfovibrio.alaskensis",NA,NA,NA,"ORIEN",NA
"Desulfovibrio.desulfuricans",-0.538453942389766,0.853773223649002,0.999646010327647,"ORIEN",NA
"Desulfovibrio.fairfieldensis",0.382034424806144,0.895914653746393,0.999646010327647,"ORIEN",NA
"Desulfovibrio.marinus",-0.58234308387941,0.842063641440708,0.999646010327647,"ORIEN",NA
"Desulfovibrio.piger",0.293179124494867,0.919925220025307,0.999646010327647,"ORIEN",NA
"Desulfovibrio.sp..G11",NA,NA,NA,"ORIEN",NA
"Desulfovibrio.sp..IOR2",NA,NA,NA,"ORIEN",NA
"Desulfovibrio.vulgaris",-0.510255984531256,0.861335347994351,0.999646010327647,"ORIEN",NA
"Desulfuromonas.soudanensis",1.96625471686459,0.334666760655668,0.999646010327647,"ORIEN",NA
"Devosia.sp..S02",-0.468402965964607,0.872681580155039,0.999646010327647,"ORIEN",NA
"Dialister.pneumosintes",-2.79984589936838,0.336483952434583,0.999646010327647,"ORIEN",NA
"Dictyostelium.discoideum",-0.174439412289394,0.852185467367851,0.999646010327647,"ORIEN",NA
"Dietzia.sp..oral.taxon.368",NA,NA,NA,"ORIEN",NA
"Dokdonella.koreensis",-0.247409719895761,0.9325383160676,0.999646010327647,"ORIEN",NA
"Dolosigranulum.pigrum",-0.244861536797512,0.933231320255078,0.999646010327647,"ORIEN",NA
"Draconibacterium.orientale",NA,NA,NA,"ORIEN",NA
"Drechmeria.coniospora",-0.956442327949383,0.592889823302245,0.999646010327647,"ORIEN",NA
"Drosophila.innubila.nudivirus",-0.848186025973984,0.61734962220706,0.999646010327647,"ORIEN",NA
"Duganella.sp..GN2.R2",0,1,NA,"ORIEN",NA
"Dyadobacter.fermentans",-0.108787413563777,0.970303954963278,0.999646010327647,"ORIEN",NA
"Dyadobacter.sp..Q3.56",NA,NA,NA,"ORIEN",NA
"Dyella.caseinilytica",-0.182863346470944,0.950096941624981,0.999646010327647,"ORIEN",NA
"Dysosmobacter.sp..Marseille.Q4140",0.930489489126202,0.728925559026642,0.999646010327647,"ORIEN",NA
"Dysosmobacter.welbionis",-2.01719681977154,0.489436688994599,0.999646010327647,"ORIEN",NA
"Echinicola.sp..LN3S3",NA,NA,NA,"ORIEN",NA
"Edaphobacter.sp..4G125",NA,NA,NA,"ORIEN",NA
"Eggerthella.lenta",-1.19800480044734,0.639986262849672,0.999646010327647,"ORIEN",NA
"Encephalitozoon.cuniculi",-0.287545998457657,0.792175359894784,0.999646010327647,"ORIEN",NA
"Encephalitozoon.intestinalis",NA,NA,NA,"ORIEN",NA
"Endomicrobium.proavitum",-1.14232340225693,0.695755761068644,0.999646010327647,"ORIEN",NA
"endosymbiont.of.Sipalinus.gigas",-1.87139967420107,0.521436640689572,0.999646010327647,"ORIEN",NA
"Endozoicomonas.montiporae",0.117528476998638,0.967911900344312,0.999646010327647,"ORIEN",NA
"Enterobacter.cloacae",0,1,NA,"ORIEN",NA
"Enterocloster.bolteae",-4.00491371464939,0.0287333168420155,0.999646010327647,"ORIEN","ORIEN"
"Enterocloster.clostridioformis",-4.03808199610599,0.165227472411825,0.999646010327647,"ORIEN",NA
"Enterococcus.avium",NA,NA,NA,"ORIEN",NA
"Enterococcus.faecalis",0.191006797835089,0.947869747967297,0.999646010327647,"ORIEN",NA
"Enterococcus.faecium",-0.871171442494598,0.765585853167116,0.999646010327647,"ORIEN",NA
"Eremothecium.cymbalariae",-0.345199499677496,0.905968208192951,0.999646010327647,"ORIEN",NA
"Erwinia.gerundensis",NA,NA,NA,"ORIEN",NA
"Erysipelatoclostridium.ramosum",-0.388552890576898,0.857006132367452,0.999646010327647,"ORIEN",NA
"Erysipelothrix.inopinata",NA,NA,NA,"ORIEN",NA
"Erythrobacter.litoralis",0,1,NA,"ORIEN",NA
"Erythrobacter.neustonensis",-0.640224748046616,0.784087718241221,0.999646010327647,"ORIEN",NA
"Escherichia.coli",2.10931937839892,0.469528596217147,0.999646010327647,"ORIEN",NA
"Ethanoligenens.harbinense",-0.566914066100643,0.834141245555479,0.999646010327647,"ORIEN",NA
"Eubacterium.limosum",NA,NA,NA,"ORIEN",NA
"Eubacterium.sp..NSJ.61",0.635043447086864,0.827840563935513,0.999646010327647,"ORIEN",NA
"Evansella.cellulosilytica",-0.304763045042039,0.916956114890669,0.999646010327647,"ORIEN",NA
"Ezakiella.massiliensis",NA,NA,NA,"ORIEN",NA
"Faecalibacterium.prausnitzii",0.527462103334383,0.795296109948648,0.999646010327647,"ORIEN",NA
"Faecalibaculum.rodentium",-0.632335854363405,0.828336595664461,0.999646010327647,"ORIEN",NA
"Faecalicatena.sp..Marseille.Q4148",0.111501956709442,0.969545142276137,0.999646010327647,"ORIEN",NA
"Faecalitalea.cylindroides",0,1,NA,"ORIEN",NA
"Fannyhessea.vaginae",-0.500225087025763,0.864109734599397,0.999646010327647,"ORIEN",NA
"Fastidiosipila.sanguinis",NA,NA,NA,"ORIEN",NA
"Ferrimonas.balearica",-0.386417368286498,0.894734876428128,0.999646010327647,"ORIEN",NA
"Ferriphaselus.amnicola",0.358627795400256,0.902281428594802,0.999646010327647,"ORIEN",NA
"Ferrovibrio.terrae",0,1,NA,"ORIEN",NA
"Fervidobacterium.pennivorans",-0.58234308387941,0.842063641440708,0.999646010327647,"ORIEN",NA
"Fibrella.sp..ES10.3.2.2",NA,NA,NA,"ORIEN",NA
"Filifactor.alocis",-0.622352048145211,0.831364501337077,0.999646010327647,"ORIEN",NA
"Filimonas.lacunae",0.267700801803046,0.926940476525751,0.999646010327647,"ORIEN",NA
"Fimbriimonas.ginsengisoli",-0.622352048209838,0.831364501319819,0.999646010327647,"ORIEN",NA
"Finegoldia.magna",-0.0453559571507877,0.987615929999645,0.999646010327647,"ORIEN",NA
"Flagellimonas.maritima",-0.622352048145211,0.831364501337077,0.999646010327647,"ORIEN",NA
"Flavisolibacter.ginsenosidimutans",-0.136687105999321,0.96269409482631,0.999646010327647,"ORIEN",NA
"Flavobacterium.branchiophilum",1.06729585243201,0.714624753716321,0.999646010327647,"ORIEN",NA
"Flavobacterium.columnare",0.0303838095337597,0.991703120591416,0.999646010327647,"ORIEN",NA
"Flavobacterium.sp..CJ74",0.174214590833821,0.952447894208024,0.999646010327647,"ORIEN",NA
"Flavobacterium.sp..CS20",NA,NA,NA,"ORIEN",NA
"Flavobacterium.sp..HYN0086",-0.711598600437387,0.807611249975383,0.999646010327647,"ORIEN",NA
"Flavobacterium.sp..KK2020170",NA,NA,NA,"ORIEN",NA
"Flavonifractor.plautii",-1.24140898428455,0.504789722673118,0.999646010327647,"ORIEN",NA
"Flexistipes.sinusarabici",-0.500225087025763,0.864109734599397,0.999646010327647,"ORIEN",NA
"Flintibacter.sp..KGMB00164",0.115909540589281,0.964547262913492,0.999646010327647,"ORIEN",NA
"Fluviicola.taffensis",0.0303835554943458,0.991703189961393,0.999646010327647,"ORIEN",NA
"Formosa.sediminum",-0.299335211910742,0.918429427970839,0.999646010327647,"ORIEN",NA
"Frankia.sp..QA3",-0.244861548570365,0.933231317053205,0.999646010327647,"ORIEN",NA
"Frateuria.aurantia",NA,NA,NA,"ORIEN",NA
"Fretibacterium.fastidiosum",-1.92212680296197,0.510183609418523,0.999646010327647,"ORIEN",NA
"Frigoriglobus.tundricola",NA,NA,NA,"ORIEN",NA
"Fuerstia.marisgermanicae",0.282835317257741,0.922865837571546,0.999646010327647,"ORIEN",NA
"Furfurilactobacillus.rossiae",NA,NA,NA,"ORIEN",NA
"Fusarium.fujikuroi",0.113879905169435,0.914961061318444,0.999646010327647,"ORIEN",NA
"Fusarium.graminearum",-0.505391786019575,0.86271943831178,0.999646010327647,"ORIEN",NA
"Fusarium.oxysporum",-1.25224746687943,0.412475771638022,0.999646010327647,"ORIEN",NA
"Fusarium.pseudograminearum",1.15810030406264,0.279602442366749,0.999646010327647,"ORIEN",NA
"Fusarium.venenatum",-0.437610600123604,0.754221332095972,0.999646010327647,"ORIEN",NA
"Fusarium.verticillioides",-0.187269344751637,0.886788049851397,0.999646010327647,"ORIEN",NA
"Fusobacterium.canifelinum",-3.04092837184547,0.296692156277965,0.999646010327647,"ORIEN",NA
"Fusobacterium.gonidiaformans",0.474851701734667,0.870843259457529,0.999646010327647,"ORIEN",NA
"Fusobacterium.hwasookii",0,1,NA,"ORIEN",NA
"Fusobacterium.mortiferum",-0.500225087011781,0.86410973460316,0.999646010327647,"ORIEN",NA
"Fusobacterium.necrophorum",-0.884539629329341,0.762093640109923,0.999646010327647,"ORIEN",NA
"Fusobacterium.nucleatum",-7.76130691234588,4.36442278585893e-07,0.000187670179791934,"ORIEN","ORIEN"
"Fusobacterium.periodonticum",NA,NA,NA,"ORIEN",NA
"Fusobacterium.pseudoperiodonticum",-1.00608221107823,0.73056666080056,0.999646010327647,"ORIEN",NA
"Fusobacterium.sp..NSJ.57",-0.275411495067365,0.924926703954302,0.999646010327647,"ORIEN",NA
"Fusobacterium.sp..oral.taxon.203",-1.43130683379016,0.624054896419199,0.999646010327647,"ORIEN",NA
"Fusobacterium.ulcerans",NA,NA,NA,"ORIEN",NA
"Fusobacterium.varium",NA,NA,NA,"ORIEN",NA
"Geitlerinema.sp..PCC.7407",-0.500225087022002,0.864109734600409,0.999646010327647,"ORIEN",NA
"Gemella.haemolysans",-0.884539629329341,0.762093640109923,0.999646010327647,"ORIEN",NA
"Gemella.morbillorum",0,1,NA,"ORIEN",NA
"Gemella.sanguinis",-0.140734604301904,0.961567802539869,0.999646010327647,"ORIEN",NA
"Gemella.sp..ND.6198",-0.0505191069636019,0.986206374290793,0.999646010327647,"ORIEN",NA
"Gemmata.obscuriglobus",-0.311157287775652,0.915220874127403,0.999646010327647,"ORIEN",NA
"Gemmatirosa.kalamazoonesis",0.154361133965492,0.957862457973957,0.999646010327647,"ORIEN",NA
"Gemmobacter.sp..HYN0069",0.508768982732298,0.861703485149575,0.999646010327647,"ORIEN",NA
"Geobacter.sulfurreducens",-0.500225087025763,0.864109734599397,0.999646010327647,"ORIEN",NA
"Geodermatophilus.obscurus",-0.473735121146137,0.871244226326004,0.999646010327647,"ORIEN",NA
"Geoglobus.ahangari",-0.302327214593233,0.91761725126774,0.999646010327647,"ORIEN",NA
"Giardia.intestinalis",0.621099685368551,0.508756452094468,0.999646010327647,"ORIEN",NA
"Gilliamella.sp..ESL0405",0.0303838095337597,0.991703120591416,0.999646010327647,"ORIEN",NA
"Gillisia.sp..Hel1_33_143",-0.453741561657632,0.876635854681378,0.999646010327647,"ORIEN",NA
"Glaesserella.parasuis",-0.265976167952988,0.927490683136695,0.999646010327647,"ORIEN",NA
"Gloeobacter.violaceus",NA,NA,NA,"ORIEN",NA
"Gloeocapsa.sp..PCC.7428",-0.272741232124569,0.925652244059565,0.999646010327647,"ORIEN",NA
"Gloeomargarita.lithophora",-0.122634235557522,0.966526690016219,0.999646010327647,"ORIEN",NA
"Glutamicibacter.protophormiae",0.126785827957531,0.965385641141642,0.999646010327647,"ORIEN",NA
"Gordonibacter.pamelaeae",-1.08287146533981,0.710873331013898,0.999646010327647,"ORIEN",NA
"Gordonibacter.urolithinfaciens",-1.0060821750975,0.730566669981457,0.999646010327647,"ORIEN",NA
"Gottschalkia.acidurici",-0.500225087022002,0.864109734600409,0.999646010327647,"ORIEN",NA
"Grimontia.hollisae",1.85300278836738,0.172161949827396,0.999646010327647,"ORIEN",NA
"Gudongella.oleilytica",NA,NA,NA,"ORIEN",NA
"Guillardia.theta",0.262174421030195,0.803918279279797,0.999646010327647,"ORIEN",NA
"Guyparkeria.halophila",NA,NA,NA,"ORIEN",NA
"Haemophilus.influenzae",0,1,NA,"ORIEN",NA
"Haemophilus.parainfluenzae",-0.468402965964607,0.872681580155039,0.999646010327647,"ORIEN",NA
"Halanaerobium.hydrogeniformans",NA,NA,NA,"ORIEN",NA
"Haliangium.ochraceum",NA,NA,NA,"ORIEN",NA
"Haliscomenobacter.hydrossis",-0.0244820471746882,0.993315049818288,0.999646010327647,"ORIEN",NA
"Halobacteriovorax.sp..BALOs_7",NA,NA,NA,"ORIEN",NA
"Halobiforma.lacisalsi",0.357182676352929,0.890018441625452,0.999646010327647,"ORIEN",NA
"Haloferax.volcanii",-1.75908100357763,0.546793707835385,0.999646010327647,"ORIEN",NA
"Halomonas.sp..JS92.SW72",1.19170524813784,0.201134341814356,0.999646010327647,"ORIEN",NA
"Halopiger.xanaduensis",-1.12414659588999,0.700365422265912,0.999646010327647,"ORIEN",NA
"Haloterrigena.salifodinae",0,1,NA,"ORIEN",NA
"Halovirus.HHTV.2",-0.500225087010871,0.864109734603405,0.999646010327647,"ORIEN",NA
"Hathewaya.histolytica",NA,NA,NA,"ORIEN",NA
"Helicobacter.pylori",NA,NA,NA,"ORIEN",NA
"Heliomicrobium.modesticaldum",NA,NA,NA,"ORIEN",NA
"Hemiselmis.andersenii",1.81137149752972,0.10788431250258,0.999646010327647,"ORIEN",NA
"Herbaspirillum.huttiense",0,1,NA,"ORIEN",NA
"Herbaspirillum.seropedicae",-0.122634235557522,0.966526690016219,0.999646010327647,"ORIEN",NA
"Herbinix.luporum",-1.775269315381,0.543011720248707,0.999646010327647,"ORIEN",NA
"Hirschia.baltica",0.463439980637797,0.873922144501612,0.999646010327647,"ORIEN",NA
"Homo.sapiens",1.7541294167701e-08,0.999999659038691,0.999999659038691,"ORIEN",NA
"Hoyosella.subflava",-0.176166579927193,0.951932481188506,0.999646010327647,"ORIEN",NA
"Human.gammaherpesvirus.4",-0.746909886391402,0.798259727248327,0.999646010327647,"ORIEN",NA
"Hungatella.hathewayi",-3.43150726159417,0.144265058471823,0.999646010327647,"ORIEN",NA
"Hydrogenimonas.urashimensis",NA,NA,NA,"ORIEN",NA
"Hydrogenobaculum.sp..HO",NA,NA,NA,"ORIEN",NA
"Hydrogenophaga.sp..NH.16",0,1,NA,"ORIEN",NA
"Hydrogenophaga.sp..PBC",0,1,NA,"ORIEN",NA
"Hydrogenophaga.sp..YM1",NA,NA,NA,"ORIEN",NA
"Hylemonella.gracilis",NA,NA,NA,"ORIEN",NA
"Hymenobacter.busanensis",NA,NA,NA,"ORIEN",NA
"Hymenobacter.oligotrophus",NA,NA,NA,"ORIEN",NA
"Hymenobacter.qilianensis",NA,NA,NA,"ORIEN",NA
"Hymenobacter.sedentarius",-0.453741561657632,0.876635854681378,0.999646010327647,"ORIEN",NA
"Hymenobacter.sp..HDW8",-0.500225087011781,0.86410973460316,0.999646010327647,"ORIEN",NA
"Hymenobacter.sp..TS19",-0.108787409804375,0.970303955988911,0.999646010327647,"ORIEN",NA
"Ichthyobacterium.seriolicida",NA,NA,NA,"ORIEN",NA
"Ilumatobacter.coccineus",-0.331195332396664,0.909785871792627,0.999646010327647,"ORIEN",NA
"Ilyobacter.polytropus",0,1,NA,"ORIEN",NA
"Inhella.inkyongensis",-0.150742184854752,0.958852889885753,0.999646010327647,"ORIEN",NA
"Intestinibaculum.porci",-0.650779152218706,0.823747718186415,0.999646010327647,"ORIEN",NA
"Intestinimonas.butyriciproducens",-0.283894025713233,0.917035234035257,0.999646010327647,"ORIEN",NA
"Janthinobacterium.agaricidamnosum",0.18560899570082,0.949341215025438,0.999646010327647,"ORIEN",NA
"Janthinobacterium.sp..LM6",0.353446235409931,0.903686837595445,0.999646010327647,"ORIEN",NA
"Jatrophihabitans.sp..GAS493",0.204797414974272,0.944111106650352,0.999646010327647,"ORIEN",NA
"Jonquetella.anthropi",-0.871940160468172,0.76538491029922,0.999646010327647,"ORIEN",NA
"Kazachstania.naganishii",0.578745809280811,0.604026058488125,0.999646010327647,"ORIEN",NA
"Keratinibaculum.paraultunense",-0.273601319280225,0.925418541541775,0.999646010327647,"ORIEN",NA
"Kerstersia.gyiorum",-0.0393382672120868,0.989258843624272,0.999646010327647,"ORIEN",NA
"Kibdelosporangium.phytohabitans",NA,NA,NA,"ORIEN",NA
"Kineococcus.radiotolerans",-0.871940159482612,0.765384910556836,0.999646010327647,"ORIEN",NA
"Kinneretia.sp..DAIF2",0.0537572488621542,0.985320771739911,0.999646010327647,"ORIEN",NA
"Kitasatospora.albolonga",-0.20357136991058,0.891911986270535,0.999646010327647,"ORIEN",NA
"Kitasatospora.setae",-0.340530470355143,0.907255381673173,0.999646010327647,"ORIEN",NA
"Kitasatospora.sp..NA04385",-0.777583640815721,0.665680049006509,0.999646010327647,"ORIEN",NA
"Klebsiella.aerogenes",0.0303838131040802,0.991703119616477,0.999646010327647,"ORIEN",NA
"Klebsiella.oxytoca",0.444857434448152,0.878939675163713,0.999646010327647,"ORIEN",NA
"Klebsiella.pneumoniae",-0.135714834119782,0.962959229164236,0.999646010327647,"ORIEN",NA
"Klebsiella.sp..LY",0,1,NA,"ORIEN",NA
"Klebsiella.variicola",NA,NA,NA,"ORIEN",NA
"Kluyveromyces.lactis",0.329822742098309,0.910097907576901,0.999646010327647,"ORIEN",NA
"Kluyveromyces.marxianus",0.0214832049525212,0.994125877158012,0.999646010327647,"ORIEN",NA
"Kocuria.rhizophila",-0.123630559095038,0.966247505880729,0.999646010327647,"ORIEN",NA
"Kroppenstedtia.eburnea",-0.746909886391402,0.798259727248327,0.999646010327647,"ORIEN",NA
"Kushneria.phosphatilytica",0.294883090272541,0.919590159015521,0.999646010327647,"ORIEN",NA
"Kutzneria.sp..CA.103260",-0.108787413563777,0.970303954963278,0.999646010327647,"ORIEN",NA
"Laceyella.sacchari",-0.265624933532158,0.889334125632445,0.999646010327647,"ORIEN",NA
"Lachnoanaerobaculum.umeaense",-4.27156642933092,0.129180358311544,0.999646010327647,"ORIEN",NA
"Lachnoclostridium.phocaeense",-1.34992071730465,0.558399880505767,0.999646010327647,"ORIEN",NA
"Lachnoclostridium.phytofermentans",0.743680244105133,0.750617373157054,0.999646010327647,"ORIEN",NA
"Lachnoclostridium.sp..YL32",-3.92830884195898,0.176889609724411,0.999646010327647,"ORIEN",NA
"Lachnospira.eligens",-0.638508339606349,0.738725329507248,0.999646010327647,"ORIEN",NA
"Lacibacter.sp..S13.6.6",0.0125236795692598,0.996580181892785,0.999646010327647,"ORIEN",NA
"Lacrimispora.saccharolytica",-0.450574008499729,0.847100188771082,0.999646010327647,"ORIEN",NA
"Lacrimispora.sphenoides",-1.0060821750975,0.730566669981457,0.999646010327647,"ORIEN",NA
"Lacticaseibacillus.casei",0.0303838160606156,0.991703118809143,0.999646010327647,"ORIEN",NA
"Lacticaseibacillus.paracasei",-0.58234308387941,0.842063641440708,0.999646010327647,"ORIEN",NA
"Lactiplantibacillus.pentosus",-0.453741561657632,0.876635854681378,0.999646010327647,"ORIEN",NA
"Lactiplantibacillus.plantarum",-1.06102946344711,0.716456169355939,0.999646010327647,"ORIEN",NA
"Lactobacillus.acidophilus",NA,NA,NA,"ORIEN",NA
"Lactobacillus.crispatus",-0.500225087033744,0.864109734597249,0.999646010327647,"ORIEN",NA
"Lactobacillus.delbrueckii",-0.746909886703293,0.798259727165852,0.999646010327647,"ORIEN",NA
"Lactobacillus.johnsonii",0,1,NA,"ORIEN",NA
"Lactococcus.cremoris",-0.0826738772103576,0.977429479544641,0.999646010327647,"ORIEN",NA
"Lactococcus.lactis",-0.0826738772103576,0.977429479544641,0.999646010327647,"ORIEN",NA
"Lactococcus.raffinolactis",0.324456136530807,0.911555121301129,0.999646010327647,"ORIEN",NA
"Lancefieldella.parvula",NA,NA,NA,"ORIEN",NA
"Latilactobacillus.sakei",-0.108787414682042,0.970303954658195,0.999646010327647,"ORIEN",NA
"Lawsonia.intracellularis",-0.713083482245912,0.807108113562149,0.999646010327647,"ORIEN",NA
"Leadbetterella.byssophila",-0.453741561657632,0.876635854681378,0.999646010327647,"ORIEN",NA
"Legionella.adelaidensis",-0.331195332396664,0.909785871792627,0.999646010327647,"ORIEN",NA
"Legionella.waltersii",-0.453741561657632,0.876635854681378,0.999646010327647,"ORIEN",NA
"Leishmania.braziliensis",-0.311157287775652,0.915220874127403,0.999646010327647,"ORIEN",NA
"Leishmania.donovani",-0.108787414285758,0.970303954766308,0.999646010327647,"ORIEN",NA
"Leishmania.major",0.32485250180917,0.896089596174641,0.999646010327647,"ORIEN",NA
"Leishmania.mexicana",-0.163036463716744,0.927734172381971,0.999646010327647,"ORIEN",NA
"Leishmania.panamensis",0.384354248339732,0.723121261706607,0.999646010327647,"ORIEN",NA
"Leptolyngbya.sp..15MV",NA,NA,NA,"ORIEN",NA
"Leptolyngbya.sp..7M",-0.398274541049715,0.891574780675384,0.999646010327647,"ORIEN",NA
"Leptothrix.cholodnii",-0.622352048136294,0.831364501339458,0.999646010327647,"ORIEN",NA
"Leptotrichia.buccalis",0,1,NA,"ORIEN",NA
"Leptotrichia.hofstadii",-6.92775468406921,0.0170738059373581,0.999646010327647,"ORIEN","ORIEN"
"Leptotrichia.hongkongensis",-2.75065982640733,0.345424510984691,0.999646010327647,"ORIEN",NA
"Leptotrichia.shahii",-2.68432314656671,0.357228061689868,0.999646010327647,"ORIEN",NA
"Leptotrichia.sp..oral.taxon.212",0.0359948583590603,0.990168765195297,0.999646010327647,"ORIEN",NA
"Leptotrichia.sp..oral.taxon.218",-1.14352710121807,0.695427084931311,0.999646010327647,"ORIEN",NA
"Leptotrichia.sp..oral.taxon.221",-0.437056685639382,0.880979184780227,0.999646010327647,"ORIEN",NA
"Leptotrichia.sp..oral.taxon.498",-1.57298990778567,0.590090503283847,0.999646010327647,"ORIEN",NA
"Leptotrichia.sp..oral.taxon.847",-0.641071611001115,0.826368914340091,0.999646010327647,"ORIEN",NA
"Leptotrichia.trevisanii",-9.61258959530795,0.000255212878556731,0.0731610251862628,"ORIEN","ORIEN"
"Leptotrichia.wadei",-6.41321844706088,0.0272377512484901,0.999646010327647,"ORIEN","ORIEN"
"Leuconostoc.mesenteroides",NA,NA,NA,"ORIEN",NA
"Ligilactobacillus.ruminis",-0.453741561657632,0.876635854681378,0.999646010327647,"ORIEN",NA
"Lignipirellula.cremea",-0.453741561657632,0.876635854681378,0.999646010327647,"ORIEN",NA
"Limnochorda.pilosa",-0.500225087025763,0.864109734599397,0.999646010327647,"ORIEN",NA
"Limnoglobus.roseus",-0.0560741154064647,0.98468990365212,0.999646010327647,"ORIEN",NA
"Limnohabitans.sp..103DPR2",NA,NA,NA,"ORIEN",NA
"Limnohabitans.sp..63ED37.2",1.34431147489016,0.645039341280282,0.999646010327647,"ORIEN",NA
"Limosilactobacillus.fermentum",NA,NA,NA,"ORIEN",NA
"Limosilactobacillus.mucosae",0.573821539442257,0.844223945291674,0.999646010327647,"ORIEN",NA
"Limosilactobacillus.reuteri",-0.87194015943118,0.76538491057028,0.999646010327647,"ORIEN",NA
"Limosilactobacillus.vaginalis",0,1,NA,"ORIEN",NA
"Listeria.monocytogenes",NA,NA,NA,"ORIEN",NA
"Longicatena.caecimuris",0.224603695316482,0.938714913370022,0.999646010327647,"ORIEN",NA
"Luteitalea.pratensis",-0.486402747755494,0.867795729029999,0.999646010327647,"ORIEN",NA
"Luteolibacter.luteus",-0.450566572510199,0.877469582745172,0.999646010327647,"ORIEN",NA
"Luteolibacter.sp..32A",-0.108787413563777,0.970303954963278,0.999646010327647,"ORIEN",NA
"Lysobacter.capsici",NA,NA,NA,"ORIEN",NA
"Lysobacter.gummosus",-0.0909977722117309,0.975157899664403,0.999646010327647,"ORIEN",NA
"Lysobacter.oculi",-0.746909886391402,0.798259727248327,0.999646010327647,"ORIEN",NA
"Lysobacter.solisilvae..ex.Kim.et.al..2021.",-0.0345770466278471,0.990558769252756,0.999646010327647,"ORIEN",NA
"Mageeibacillus.indolicus",-0.244861548570365,0.933231317053205,0.999646010327647,"ORIEN",NA
"Mahella.australiensis",NA,NA,NA,"ORIEN",NA
"Malassezia.restricta",-0.460730264428204,0.69522248349288,0.999646010327647,"ORIEN",NA
"Marasmius.oreades",-0.689890247734363,0.452264572376134,0.999646010327647,"ORIEN",NA
"Maridesulfovibrio.hydrothermalis",-0.0959064685766474,0.973818433751296,0.999646010327647,"ORIEN",NA
"Marinobacter.sp..LQ44",0,1,NA,"ORIEN",NA
"Marinobacter.sp..LV10R510.11A",-0.340530470355143,0.907255381673173,0.999646010327647,"ORIEN",NA
"Massilia.putida",0.661779051645235,0.820708408539951,0.999646010327647,"ORIEN",NA
"Massilia.sp..NR.4.1",-0.244861545593661,0.933231317862782,0.999646010327647,"ORIEN",NA
"Massilia.sp..WG5",0,1,NA,"ORIEN",NA
"Massilia.umbonata",1.57038679269492,0.380546916114302,0.999646010327647,"ORIEN",NA
"Massilistercora.timonensis",-0.102064112570572,0.970829773001822,0.999646010327647,"ORIEN",NA
"Megamonas.funiformis",0,1,NA,"ORIEN",NA
"Megasphaera.elsdenii",-0.746909886450013,0.798259727232829,0.999646010327647,"ORIEN",NA
"Megasphaera.stantonii",NA,NA,NA,"ORIEN",NA
"Meiothermus.silvanus",NA,NA,NA,"ORIEN",NA
"Melaminivora.sp..SC2.9",1.20982933121463,0.678482574326768,0.999646010327647,"ORIEN",NA
"Mesoplasma.lactucae",0.134580136823431,0.963258869790984,0.999646010327647,"ORIEN",NA
"Mesorhizobium.ciceri",-0.74690988662249,0.79825972718722,0.999646010327647,"ORIEN",NA
"Mesorhizobium.japonicum",-0.303213824146006,0.837457127105997,0.999646010327647,"ORIEN",NA
"Mesorhizobium.sp..NIBR3",-0.862302332237233,0.703086502082674,0.999646010327647,"ORIEN",NA
"Mesotoga.prima",NA,NA,NA,"ORIEN",NA
"Methanobrevibacter.smithii",-0.456812596278669,0.874651545275756,0.999646010327647,"ORIEN",NA
"Methylibium.sp..Pch.M",0,1,NA,"ORIEN",NA
"Methylobacterium.durans",0,1,NA,"ORIEN",NA
"Methylobacterium.nodulans",-1.0494340031699,0.719426113023757,0.999646010327647,"ORIEN",NA
"Methylobacterium.sp..WL1",0,1,NA,"ORIEN",NA
"Methylobacterium.terrae",0,1,NA,"ORIEN",NA
"Methylovirgula.ligni",-0.535671376208775,0.85458005294279,0.999646010327647,"ORIEN",NA
"Micavibrio.aeruginosavorus",NA,NA,NA,"ORIEN",NA
"Microbacterium.esteraromaticum",0.516653531248277,0.760517782804945,0.999646010327647,"ORIEN",NA
"Microbacterium.lushaniae",-0.0999361892973079,0.972718884086268,0.999646010327647,"ORIEN",NA
"Microbacterium.paraoxydans",1.22323499538288,0.675119229881704,0.999646010327647,"ORIEN",NA
"Microbacterium.sediminis",-0.209109362678047,0.942960008493346,0.999646010327647,"ORIEN",NA
"Microbacterium.sp..A18JL241",-0.160086077759451,0.956314771025475,0.999646010327647,"ORIEN",NA
"Microbacterium.sp..ABRD_28",-0.103299318402667,0.971795019985425,0.999646010327647,"ORIEN",NA
"Micrococcus.luteus",0.707127594291048,0.808644388077009,0.999646010327647,"ORIEN",NA
"Microcoleus.sp..PCC.7113",0.168470529946923,0.954014259729705,0.999646010327647,"ORIEN",NA
"Microcystis.aeruginosa",-0.265976167952988,0.927490683136695,0.999646010327647,"ORIEN",NA
"Microlunatus.sagamiharensis",-0.317058905158696,0.913619702332988,0.999646010327647,"ORIEN",NA
"Microlunatus.soli",-0.284446810633501,0.922472209218745,0.999646010327647,"ORIEN",NA
"Micromonospora.coriariae",NA,NA,NA,"ORIEN",NA
"Micromonospora.coxensis",0.474851694792681,0.870843261329904,0.999646010327647,"ORIEN",NA
"Micromonospora.endophytica..Xie.et.al..2001..Li.et.al..2019",-1.4896332181446,0.517159345261177,0.999646010327647,"ORIEN",NA
"Micromonospora.inositola",-0.272741232124569,0.925652244059565,0.999646010327647,"ORIEN",NA
"Micromonospora.zamorensis",-0.622352048202038,0.831364501321902,0.999646010327647,"ORIEN",NA
"Micropruina.glycogenica",-0.271683651565769,0.925939618847887,0.999646010327647,"ORIEN",NA
"Microvirga.thermotolerans",0.112438930425199,0.969300918497488,0.999646010327647,"ORIEN",NA
"Miltoncostaea.marina",NA,NA,NA,"ORIEN",NA
"Minicystis.rosea",0.0634976040954771,0.982661237678731,0.999646010327647,"ORIEN",NA
"Mobilicoccus.sp..NJES.13",NA,NA,NA,"ORIEN",NA
"Mobiluncus.curtisii",-1.42159799557971,0.626412152043407,0.999646010327647,"ORIEN",NA
"Mogibacterium.diversum",-2.41194033006833,0.408282868312991,0.999646010327647,"ORIEN",NA
"Mogibacterium.pumilum",-0.871940159668881,0.765384910508147,0.999646010327647,"ORIEN",NA
"Monaibacterium.sp..ALG8",-0.0999361892973079,0.972718884086268,0.999646010327647,"ORIEN",NA
"Monoglobus.pectinilyticus",0,1,NA,"ORIEN",NA
"Moorella.thermoacetica",NA,NA,NA,"ORIEN",NA
"Moraxella.nonliquefaciens",NA,NA,NA,"ORIEN",NA
"Moraxella.osloensis",-0.03308734280381,0.990965499344603,0.999646010327647,"ORIEN",NA
"Morganella.morganii",-0.288122625657567,0.921462752879633,0.999646010327647,"ORIEN",NA
"Murdochiella.vaginalis",NA,NA,NA,"ORIEN",NA
"Muribaculum.intestinale",NA,NA,NA,"ORIEN",NA
"Mycoavidus.cysteinexigens",-0.0119522608272944,0.996735569339673,0.999646010327647,"ORIEN",NA
"Mycobacterium.goodii",-0.304763045042039,0.916956114890669,0.999646010327647,"ORIEN",NA
"Mycobacterium.haemophilum",-0.500225087011781,0.86410973460316,0.999646010327647,"ORIEN",NA
"Mycobacterium.marinum",-1.50718378174487,0.602535985427667,0.999646010327647,"ORIEN",NA
"Mycobacterium.riyadhense",-0.576367261355633,0.843664189475435,0.999646010327647,"ORIEN",NA
"Mycobacteroides.abscessus",NA,NA,NA,"ORIEN",NA
"Mycolicibacterium.boenickei",-0.746909886391402,0.798259727248327,0.999646010327647,"ORIEN",NA
"Mycolicibacterium.celeriflavum",-0.500225087029238,0.864109734598462,0.999646010327647,"ORIEN",NA
"Mycolicibacterium.farcinogenes",NA,NA,NA,"ORIEN",NA
"Mycolicibacterium.gadium",-0.0350657451755886,0.987428759314891,0.999646010327647,"ORIEN",NA
"Mycolicibacterium.gilvum",NA,NA,NA,"ORIEN",NA
"Mycolicibacterium.parafortuitum",-0.317058905158696,0.913619702332988,0.999646010327647,"ORIEN",NA
"Mycolicibacterium.phocaicum",NA,NA,NA,"ORIEN",NA
"Mycolicibacterium.rutilum",-0.244861545928413,0.933231317771739,0.999646010327647,"ORIEN",NA
"Mycolicibacterium.sediminis",-0.108787409804375,0.970303955988911,0.999646010327647,"ORIEN",NA
"Mycoplasma.parvum",-0.622352048228304,0.831364501314888,0.999646010327647,"ORIEN",NA
"Mycoplasma.salivarium",0,1,NA,"ORIEN",NA
"Mycoplasma.sp..NEAQ87857",-0.453741561657632,0.876635854681378,0.999646010327647,"ORIEN",NA
"Mycoplasmopsis.bovis",-0.453741561657632,0.876635854681378,0.999646010327647,"ORIEN",NA
"Mycoplasmopsis.meleagridis",-0.500225087025763,0.864109734599397,0.999646010327647,"ORIEN",NA
"Myroides.profundi",-0.156642663122873,0.957224077184391,0.999646010327647,"ORIEN",NA
"Mythimna.unipuncta.nucleopolyhedrovirus",-0.275411495067365,0.924926703954302,0.999646010327647,"ORIEN",NA
"Myxococcus.xanthus",NA,NA,NA,"ORIEN",NA
"Nakamurella.panacisegetis",-0.454162965665473,0.876522157015763,0.999646010327647,"ORIEN",NA
"Naumovozyma.dairenensis",-0.244861547641644,0.93323131730579,0.999646010327647,"ORIEN",NA
"Ndongobacter.massiliensis",-0.746909886391402,0.798259727248327,0.999646010327647,"ORIEN",NA
"Neochlamydia.sp..S13",0.0303838085995088,0.99170312084653,0.999646010327647,"ORIEN",NA
"Neospora.caninum",-0.567705418244979,0.845985273033934,0.999646010327647,"ORIEN",NA
"Neurospora.crassa",-0.612825433699749,0.510036607652822,0.999646010327647,"ORIEN",NA
"Nibricoccus.aquaticus",0.0303838135478196,0.991703119495306,0.999646010327647,"ORIEN",NA
"Nitrosophilus.alvini",-0.453741561657632,0.876635854681378,0.999646010327647,"ORIEN",NA
"Nitrososphaera.viennensis",-0.622352048166047,0.831364501331513,0.999646010327647,"ORIEN",NA
"Nitrospira.moscoviensis",-0.258366559232998,0.929559128548968,0.999646010327647,"ORIEN",NA
"Nocardia.cyriacigeorgica",-0.746909886453719,0.798259727231849,0.999646010327647,"ORIEN",NA
"Nocardia.farcinica",-0.171614575049528,0.95317284541275,0.999646010327647,"ORIEN",NA
"Nocardia.mangyaensis",-0.346804544313498,0.885718437564125,0.999646010327647,"ORIEN",NA
"Nocardia.sp..CS682",-0.453286245096661,0.876758704967338,0.999646010327647,"ORIEN",NA
"Nocardioides.anomalus",-0.424322997573585,0.884534632901564,0.999646010327647,"ORIEN",NA
"Nocardioides.aquaticus",NA,NA,NA,"ORIEN",NA
"Nocardioides.baekrokdamisoli",-0.275411495067365,0.924926703954302,0.999646010327647,"ORIEN",NA
"Nocardioides.sambongensis",-0.244861537132016,0.933231320164102,0.999646010327647,"ORIEN",NA
"Nocardioides.seonyuensis",NA,NA,NA,"ORIEN",NA
"Nocardioides.sp..HDW12B",NA,NA,NA,"ORIEN",NA
"Nonomuraea.nitratireducens",-0.622352048209838,0.831364501319819,0.999646010327647,"ORIEN",NA
"Nonomuraea.sp..ATCC.55076",-0.499280204901104,0.855166093175317,0.999646010327647,"ORIEN",NA
"Nordella.sp..HKS.07",-0.108787413563777,0.970303954963278,0.999646010327647,"ORIEN",NA
"Nostoc.edaphicum",-0.520233960055764,0.858727913076658,0.999646010327647,"ORIEN",NA
"Novosphingobium.ginsenosidimutans",-1.29530935535568,0.653806955056026,0.999646010327647,"ORIEN",NA
"Novosphingobium.sp..P6W",-0.244861547641644,0.93323131730579,0.999646010327647,"ORIEN",NA
"Obesumbacterium.proteus",-0.240863649927395,0.934318696070861,0.999646010327647,"ORIEN",NA
"Oceanispirochaeta.crateris",-0.0897728520350124,0.975492164219734,0.999646010327647,"ORIEN",NA
"Odoribacter.splanchnicus",-3.05186869365482,0.196662592050827,0.999646010327647,"ORIEN",NA
"Oerskovia.sp..KBS0722",-0.108787411776345,0.970303955450922,0.999646010327647,"ORIEN",NA
"Ogataea.parapolymorpha",-0.765522712366935,0.649704810260134,0.999646010327647,"ORIEN",NA
"Olsenella.sp..oral.taxon.807",NA,NA,NA,"ORIEN",NA
"Opitutus.terrae",0.0303838085995088,0.99170312084653,0.999646010327647,"ORIEN",NA
"Ornithinimicrobium.pratense",-0.500225087040487,0.864109734595434,0.999646010327647,"ORIEN",NA
"Oscillibacter.sp..MM35",-0.995824108369817,0.733129056829868,0.999646010327647,"ORIEN",NA
"Oscillibacter.sp..MM50",1.58078085107365,0.456029228582546,0.999646010327647,"ORIEN",NA
"Oscillibacter.sp..MM59",-0.434894454679427,0.876879605362263,0.999646010327647,"ORIEN",NA
"Oscillibacter.sp..NSJ.62",0.00980730090837857,0.997321252164095,0.999646010327647,"ORIEN",NA
"Oscillibacter.sp..PEA192",-2.90575198863292,0.318789908534682,0.999646010327647,"ORIEN",NA
"Oscillibacter.valericigenes",0.332308974456122,0.904283909308479,0.999646010327647,"ORIEN",NA
"Ottowia.oryzae",0.442696805878189,0.879523383670236,0.999646010327647,"ORIEN",NA
"Ottowia.sp..oral.taxon.894",-0.30797375802992,0.916065450681281,0.999646010327647,"ORIEN",NA
"Paenalcaligenes.hominis",NA,NA,NA,"ORIEN",NA
"Paenibacillus.baekrokdamisoli",-0.554544302165876,0.58792623630435,0.999646010327647,"ORIEN",NA
"Paenibacillus.barcinonensis",-0.304763045042039,0.916956114890669,0.999646010327647,"ORIEN",NA
"Paenibacillus.durus",0.268671184224774,0.926718513585413,0.999646010327647,"ORIEN",NA
"Paenibacillus.odorifer",-0.505160668198291,0.751852240495544,0.999646010327647,"ORIEN",NA
"Paenibacillus.polymyxa",NA,NA,NA,"ORIEN",NA
"Paenibacillus.sp..CAA11",NA,NA,NA,"ORIEN",NA
"Paenibacillus.sp..DR312",NA,NA,NA,"ORIEN",NA
"Paenibacillus.sp..TB2019",-0.135840813658893,0.962924874826848,0.999646010327647,"ORIEN",NA
"Paenibacillus.tritici",-0.178041003769387,0.951421761420219,0.999646010327647,"ORIEN",NA
"Paenibacillus.yonginensis",3.23850835146418,0.00306396779053415,0.658753074964842,"ORIEN","ORIEN"
"Paeniclostridium.sordellii",-0.0463228488916038,0.987350202839856,0.999646010327647,"ORIEN",NA
"Paludibacter.propionicigenes",-0.199491023139105,0.945578946729039,0.999646010327647,"ORIEN",NA
"Paludibacterium.paludis",-0.500225087025763,0.864109734599397,0.999646010327647,"ORIEN",NA
"Paludibacterium.sp..B53371",0,1,NA,"ORIEN",NA
"Paludibaculum.fermentans",NA,NA,NA,"ORIEN",NA
"Panacibacter.ginsenosidivorans",-0.244861530522026,0.933231321961828,0.999646010327647,"ORIEN",NA
"Pandoraea.oxalativorans",-0.987172360778116,0.668345875205339,0.999646010327647,"ORIEN",NA
"Pandoravirus.salinus",NA,NA,NA,"ORIEN",NA
"Parabacteroides.distasonis",-1.59419503868099,0.564798125730832,0.999646010327647,"ORIEN",NA
"Parabacteroides.goldsteinii",1.0575783731831,0.701429921118443,0.999646010327647,"ORIEN",NA
"Parabacteroides.merdae",-0.423051252442677,0.864552316719051,0.999646010327647,"ORIEN",NA
"Paracoccus.mutanolyticus",-1.21484196086088,0.625567521357381,0.999646010327647,"ORIEN",NA
"Paraprevotella.xylaniphila",-0.509915687786479,0.853506491172063,0.999646010327647,"ORIEN",NA
"Parasphingopyxis.sp..CP4",-0.0571136153095723,0.984406136680489,0.999646010327647,"ORIEN",NA
"Parvimonas.micra",1.27022454785414,0.639318613354308,0.999646010327647,"ORIEN",NA
"Pasteurella.multocida",-1.30359827559296,0.585631824136221,0.999646010327647,"ORIEN",NA
"Paucibacter.sp..KCTC.42545",-0.472411414876617,0.871357029100054,0.999646010327647,"ORIEN",NA
"Pectinatus.frisingensis",0.358627795400256,0.902281428594802,0.999646010327647,"ORIEN",NA
"Pectobacterium.carotovorum",-0.265976167952988,0.927490683136695,0.999646010327647,"ORIEN",NA
"Pelobacter.propionicus",-0.244861547641644,0.93323131730579,0.999646010327647,"ORIEN",NA
"Pelolinea.submarina",NA,NA,NA,"ORIEN",NA
"Pepper.chlorotic.spot.orthotospovirus",0.300993001571144,0.917929421337738,0.999646010327647,"ORIEN",NA
"Peptacetobacter.hiranonis",-1.06859202425515,0.656697674725857,0.999646010327647,"ORIEN",NA
"Peptoclostridium.acidaminophilum",-0.172291242243441,0.952988454072697,0.999646010327647,"ORIEN",NA
"Peptoniphilus.harei",-0.179694542159776,0.95097124406273,0.999646010327647,"ORIEN",NA
"Peptoniphilus.ivorii",NA,NA,NA,"ORIEN",NA
"Petrimonas.mucosa",0.117528476998638,0.967911900344312,0.999646010327647,"ORIEN",NA
"Petrocella.atlantisensis",-0.498301463651031,0.844456154472013,0.999646010327647,"ORIEN",NA
"Phaeodactylum.tricornutum",1.56102500613867,0.0567064142191082,0.999646010327647,"ORIEN",NA
"Phascolarctobacterium.faecium",NA,NA,NA,"ORIEN",NA
"Phascolarctobacterium.sp..Marseille.Q4147",0.843392380888952,0.772672838700163,0.999646010327647,"ORIEN",NA
"Phenylobacterium.zucineum",-0.453741561657632,0.876635854681378,0.999646010327647,"ORIEN",NA
"Phocaeicola.coprophilus",-0.327973715074608,0.91061519468199,0.999646010327647,"ORIEN",NA
"Phocaeicola.dorei",-1.08994063523367,0.579235196749053,0.999646010327647,"ORIEN",NA
"Phocaeicola.salanitronis",-0.582071922365652,0.842123218790519,0.999646010327647,"ORIEN",NA
"Phocaeicola.vulgatus",-2.17249627065286,0.307306453878068,0.999646010327647,"ORIEN",NA
"Phycisphaera.mikurensis",-0.108787413563777,0.970303954963278,0.999646010327647,"ORIEN",NA
"Phyllobacterium.sp..628",0.588343648782382,0.840331509096979,0.999646010327647,"ORIEN",NA
"Pichia.kudriavzevii",0.477184251970656,0.569231637347972,0.999646010327647,"ORIEN",NA
"Pirellula.sp..SH.Sr6A",0.695588444988585,0.784496727551836,0.999646010327647,"ORIEN",NA
"Piscirickettsia.salmonis",-0.500225087031425,0.864109734597873,0.999646010327647,"ORIEN",NA
"Planctopirus.ephydatiae",-0.198908706404505,0.945737524328581,0.999646010327647,"ORIEN",NA
"Planococcus.donghaensis",-0.194063530841761,0.947057062394926,0.999646010327647,"ORIEN",NA
"Plasmodium.chabaudi",1.46774504565702,0.394608806665609,0.999646010327647,"ORIEN",NA
"Plasmodium.coatneyi",-0.271714557684871,0.925920691413486,0.999646010327647,"ORIEN",NA
"Plasmodium.cynomolgi",-0.24467379764536,0.933282379990858,0.999646010327647,"ORIEN",NA
"Plasmodium.gaboni",0.882270140078021,0.706819752682556,0.999646010327647,"ORIEN",NA
"Plasmodium.knowlesi",-0.459944947954953,0.874952429493772,0.999646010327647,"ORIEN",NA
"Plasmodium.malariae",-0.0953411392430408,0.967936964750976,0.999646010327647,"ORIEN",NA
"Plasmodium.relictum",0.306484174943842,0.86946158317987,0.999646010327647,"ORIEN",NA
"Plasmodium.sp..gorilla.clade.G2",1.69892524724664,0.308727463316156,0.999646010327647,"ORIEN",NA
"Plasmodium.vinckei",-0.611251091228592,0.46104674877151,0.999646010327647,"ORIEN",NA
"Plasmodium.vivax",0.172242314594886,0.866618890068357,0.999646010327647,"ORIEN",NA
"Plasmodium.yoelii",-0.145420906922639,0.925500646944109,0.999646010327647,"ORIEN",NA
"Pochonia.chlamydosporia",-0.245609656167713,0.929913768975974,0.999646010327647,"ORIEN",NA
"Polaromonas.naphthalenivorans",2.12868946787664,0.465450996469335,0.999646010327647,"ORIEN",NA
"Polaromonas.sp..JS666",-2.34737555854007,0.420983558719873,0.999646010327647,"ORIEN",NA
"Polymorphobacter.sp..PAMC.29334",NA,NA,NA,"ORIEN",NA
"Polynucleobacter.sp..MWH.CaK5",-0.244861545928413,0.933231317771739,0.999646010327647,"ORIEN",NA
"Pontibacillus.sp..ALD_SL1",NA,NA,NA,"ORIEN",NA
"Porphyromonas.asaccharolytica",-0.535919329190734,0.834435216986301,0.999646010327647,"ORIEN",NA
"Porphyromonas.cangingivalis",NA,NA,NA,"ORIEN",NA
"Porphyromonas.crevioricanis",NA,NA,NA,"ORIEN",NA
"Porphyromonas.gingivalis",-0.515142782844615,0.860066815579577,0.999646010327647,"ORIEN",NA
"Porphyromonas.sp..oral.taxon.275",NA,NA,NA,"ORIEN",NA
"Prevotella.copri",0.871289882184986,0.765111557027211,0.999646010327647,"ORIEN",NA
"Prevotella.dentalis",0,1,NA,"ORIEN",NA
"Prevotella.denticola",-2.35318246967577,0.419465627921824,0.999646010327647,"ORIEN",NA
"Prevotella.enoeca",-0.500225087022002,0.864109734600409,0.999646010327647,"ORIEN",NA
"Prevotella.histicola",NA,NA,NA,"ORIEN",NA
"Prevotella.intermedia",-0.272741232124569,0.925652244059565,0.999646010327647,"ORIEN",NA
"Prevotella.jejuni",0.201860912981983,0.944886885016894,0.999646010327647,"ORIEN",NA
"Prevotella.melaninogenica",NA,NA,NA,"ORIEN",NA
"Prevotella.multiformis",NA,NA,NA,"ORIEN",NA
"Prevotella.nigrescens",-4.95084245393033,0.0853516409105311,0.999646010327647,"ORIEN",NA
"Prevotella.oris",0.573603692561645,0.844176722604397,0.999646010327647,"ORIEN",NA
"Prevotella.ruminicola",0.320880865718651,0.912507391988887,0.999646010327647,"ORIEN",NA
"Prevotella.scopos",-0.871940159482612,0.765384910556836,0.999646010327647,"ORIEN",NA
"Prevotella.sp..oral.taxon.299",1.15763791109947,0.691637017409151,0.999646010327647,"ORIEN",NA
"Prevotella.sp..oral.taxon.475",-1.1427155027731,0.695578634942203,0.999646010327647,"ORIEN",NA
"Prevotella.sp..Rep29",NA,NA,NA,"ORIEN",NA
"Prevotella.sp..WR041",-0.491549532231982,0.86640575793564,0.999646010327647,"ORIEN",NA
"Prevotella.veroralis",NA,NA,NA,"ORIEN",NA
"Priestia.megaterium",-0.374254289078177,0.893959114933983,0.999646010327647,"ORIEN",NA
"Propionimicrobium.sp..Marseille.P3275",-0.108787414682042,0.970303954658195,0.999646010327647,"ORIEN",NA
"Proteus.mirabilis",0,1,NA,"ORIEN",NA
"Proteus.virus.Isfahan",0.644423563277366,0.346967561200184,0.999646010327647,"ORIEN",NA
"Proteus.vulgaris",0,1,NA,"ORIEN",NA
"Providencia.sneebia",NA,NA,NA,"ORIEN",NA
"Pseudanabaena.sp..PCC.7367",-0.271683651565769,0.925939618847887,0.999646010327647,"ORIEN",NA
"Pseudarthrobacter.sp..NIBRBAC000502772",-0.178041003769387,0.951421761420219,0.999646010327647,"ORIEN",NA
"Pseudoalteromonas.piscicida",-0.311157287775652,0.915220874127403,0.999646010327647,"ORIEN",NA
"Pseudobutyrivibrio.xylanivorans",-0.304305935802765,0.912177513211696,0.999646010327647,"ORIEN",NA
"Pseudoclostridium.thermosuccinogenes",-0.415164287471276,0.886927249160509,0.999646010327647,"ORIEN",NA
"Pseudocnuella.soli",NA,NA,NA,"ORIEN",NA
"Pseudodesulfovibrio.aespoeensis",0,1,NA,"ORIEN",NA
"Pseudolabrys.taiwanensis",-0.108787409804375,0.970303955988911,0.999646010327647,"ORIEN",NA
"Pseudoleptotrichia.goodfellowii",NA,NA,NA,"ORIEN",NA
"Pseudomonas.aeruginosa",5.68925818514109,0.0503015260706187,0.999646010327647,"ORIEN",NA
"Pseudomonas.antarctica",-0.340530470355143,0.907255381673173,0.999646010327647,"ORIEN",NA
"Pseudomonas.entomophila",0,1,NA,"ORIEN",NA
"Pseudomonas.lundensis",0,1,NA,"ORIEN",NA
"Pseudomonas.lurida",NA,NA,NA,"ORIEN",NA
"Pseudomonas.monteilii",1.08346349303675,0.7104912379076,0.999646010327647,"ORIEN",NA
"Pseudomonas.multiresinivorans",-1.06490025794075,0.715276651730826,0.999646010327647,"ORIEN",NA
"Pseudomonas.parafulva",NA,NA,NA,"ORIEN",NA
"Pseudomonas.plecoglossicida",0,1,NA,"ORIEN",NA
"Pseudomonas.psychrotolerans",-0.454162965665473,0.876522157015763,0.999646010327647,"ORIEN",NA
"Pseudomonas.putida",-0.746909886375248,0.798259727252599,0.999646010327647,"ORIEN",NA
"Pseudomonas.sp..B11D7D",-0.0909977722117309,0.975157899664403,0.999646010327647,"ORIEN",NA
"Pseudomonas.sp..BJP69",0,1,NA,"ORIEN",NA
"Pseudomonas.sp..CMR5c",0,1,NA,"ORIEN",NA
"Pseudomonas.sp..COW40",-0.199421485689545,0.945597883177236,0.999646010327647,"ORIEN",NA
"Pseudomonas.sp..NC02",0.324456130269555,0.911555123001436,0.999646010327647,"ORIEN",NA
"Pseudomonas.sp..RC3H12",0,1,NA,"ORIEN",NA
"Pseudomonas.sp..RtIB026",0.720445792547378,0.805109690564353,0.999646010327647,"ORIEN",NA
"Pseudomonas.sp..SGAir0191",0.454165141900989,0.8550810086911,0.999646010327647,"ORIEN",NA
"Pseudomonas.syringae",-0.0192695174154611,0.994738305639087,0.999646010327647,"ORIEN",NA
"Pseudomonas.taetrolens",0,1,NA,"ORIEN",NA
"Pseudomonas.taiwanensis",0,1,NA,"ORIEN",NA
"Pseudomonas.tolaasii",-1.44368015978659,0.243321851284231,0.999646010327647,"ORIEN",NA
"Pseudomonas.virus.PRD1",-0.500225087022002,0.864109734600409,0.999646010327647,"ORIEN",NA
"Pseudomonas.yamanorum",0.277898082469891,0.906146839071059,0.999646010327647,"ORIEN",NA
"Pseudonocardia.broussonetiae",NA,NA,NA,"ORIEN",NA
"Pseudonocardia.sp..CGMCC.4.1532",-0.500225087040487,0.864109734595434,0.999646010327647,"ORIEN",NA
"Pyricularia.grisea",-0.296516143179784,0.832622759860957,0.999646010327647,"ORIEN",NA
"Pyricularia.oryzae",NA,NA,NA,"ORIEN",NA
"Pyricularia.pennisetigena",-0.178021437919219,0.934855754324178,0.999646010327647,"ORIEN",NA
"Pyrobaculum.neutrophilum",-1.39188239382625,0.503868111500809,0.999646010327647,"ORIEN",NA
"Pyrococcus.yayanosii",-0.500225087042424,0.864109734594913,0.999646010327647,"ORIEN",NA
"Ralstonia.insidiosa",1.68083968296978,0.564516980745307,0.999646010327647,"ORIEN",NA
"Ralstonia.solanacearum",0,1,NA,"ORIEN",NA
"Ramlibacter.tataouinensis",NA,NA,NA,"ORIEN",NA
"Rathayibacter.festucae",NA,NA,NA,"ORIEN",NA
"Reinekea.forsetii",0.210108245018605,0.942663936755771,0.999646010327647,"ORIEN",NA
"Renibacterium.salmoninarum",-0.244861545928413,0.933231317771739,0.999646010327647,"ORIEN",NA
"Rheinheimera.sp..LHK132",0.109349480252611,0.970144117818679,0.999646010327647,"ORIEN",NA
"Rhizobacter.sp..AJA081.3",-0.304763045042039,0.916956114890669,0.999646010327647,"ORIEN",NA
"Rhizobium.lentis",-0.622352048131288,0.831364501340796,0.999646010327647,"ORIEN",NA
"Rhizoctonia.solani",0.0804840500704542,0.957123749554617,0.999646010327647,"ORIEN",NA
"Rhodobacter.capsulatus",0.942455012016224,0.746813585874532,0.999646010327647,"ORIEN",NA
"Rhodococcus.pyridinivorans",-1.0060821750975,0.730566669981457,0.999646010327647,"ORIEN",NA
"Rhodococcus.sp..B7740",NA,NA,NA,"ORIEN",NA
"Rhodocytophaga.rosea",NA,NA,NA,"ORIEN",NA
"Rhodoferax.koreense",0,1,NA,"ORIEN",NA
"Rhodoferax.sediminis",0.174214595955906,0.95244789281134,0.999646010327647,"ORIEN",NA
"Rhodopseudomonas.palustris",-0.500225087018151,0.864109734601446,0.999646010327647,"ORIEN",NA
"Rhodothermus.marinus",-0.244861532084893,0.933231321536773,0.999646010327647,"ORIEN",NA
"Rickettsia.endosymbiont.of.Bemisia.tabaci",NA,NA,NA,"ORIEN",NA
"Rivularia.sp..PCC.7116",NA,NA,NA,"ORIEN",NA
"Romboutsia.ilealis",0.640750912642891,0.826163628887569,0.999646010327647,"ORIEN",NA
"Romboutsia.sp..CE17",-1.42159799557971,0.626412152043407,0.999646010327647,"ORIEN",NA
"Roseburia.hominis",2.23297919555981,0.387262810468881,0.999646010327647,"ORIEN",NA
"Roseburia.intestinalis",1.62283958410751,0.45463349991882,0.999646010327647,"ORIEN",NA
"Roseicitreum.antarcticum",NA,NA,NA,"ORIEN",NA
"Roseimicrobium.sp..ORNL1",-0.137379277093887,0.962497125330918,0.999646010327647,"ORIEN",NA
"Rothia.aeria",-0.340530470355143,0.907255381673173,0.999646010327647,"ORIEN",NA
"Rothia.dentocariosa",-0.500225087022002,0.864109734600409,0.999646010327647,"ORIEN",NA
"Rothia.mucilaginosa",-0.642956650847847,0.825776763379396,0.999646010327647,"ORIEN",NA
"Rubrivivax.gelatinosus",-0.525988097577382,0.857153824599943,0.999646010327647,"ORIEN",NA
"Rubrobacter.radiotolerans",-0.244861548570365,0.933231317053205,0.999646010327647,"ORIEN",NA
"Rubrobacter.sp..SCSIO.52915",-0.500225087025763,0.864109734599397,0.999646010327647,"ORIEN",NA
"Ruegeria.sp..TM1040",-0.311157287775652,0.915220874127403,0.999646010327647,"ORIEN",NA
"Rufibacter.sp..DG15C",-3.23798998316587,0.0073848646187919,0.999646010327647,"ORIEN","ORIEN"
"Rufibacter.tibetensis",-0.299335211910742,0.918429427970839,0.999646010327647,"ORIEN",NA
"Ruminiclostridium.herbifermentans",-0.795160031826947,0.785527835841787,0.999646010327647,"ORIEN",NA
"Ruminococcus.albus",0.121032960138903,0.95835491089711,0.999646010327647,"ORIEN",NA
"Ruminococcus.bicirculans",-0.329188116344999,0.897674682570125,0.999646010327647,"ORIEN",NA
"Ruminococcus.champanellensis",-0.0941667677536643,0.968967388759078,0.999646010327647,"ORIEN",NA
"Ruminococcus.sp..JE7A12",0.937710964840143,0.672913354694975,0.999646010327647,"ORIEN",NA
"Ruthenibacterium.lactatiformans",0.415450423207826,0.879471168497378,0.999646010327647,"ORIEN",NA
"Saccharomyces.cerevisiae",-1.54861919125162,0.5958061391283,0.999646010327647,"ORIEN",NA
"Saccharomyces.eubayanus",0.174214593261389,0.952447893546078,0.999646010327647,"ORIEN",NA
"Saccharophagus.degradans",-0.453741561657632,0.876635854681378,0.999646010327647,"ORIEN",NA
"Saccharopolyspora.erythraea",NA,NA,NA,"ORIEN",NA
"Saccharothrix.espanaensis",-0.453286245096661,0.876758704967338,0.999646010327647,"ORIEN",NA
"Saccharothrix.syringae",-0.622352048145211,0.831364501337077,0.999646010327647,"ORIEN",NA
"Salaquimonas.pukyongi",-0.244861547641644,0.93323131730579,0.999646010327647,"ORIEN",NA
"Salinicola.tamaricis",-0.1087876554965,0.970303888959703,0.999646010327647,"ORIEN",NA
"Salinigranum.rubrum",0.573821539442257,0.844223945291674,0.999646010327647,"ORIEN",NA
"Salmonella.enterica",23.1585259937503,1.69871884882811e-15,1.46089820999218e-12,"ORIEN","ORIEN"
"Salmonella.phage.TS13",0.483191391281002,0.79391766406761,0.999646010327647,"ORIEN",NA
"Salmonella.sp..SSDFZ54",0,1,NA,"ORIEN",NA
"Sandaracinus.amylolyticus",-0.505391786019575,0.86271943831178,0.999646010327647,"ORIEN",NA
"Sarcina.sp..JB2",-0.520233960055764,0.858727913076658,0.999646010327647,"ORIEN",NA
"Schaalia.meyeri",0,1,NA,"ORIEN",NA
"Schaalia.odontolytica",-1.3448938707705,0.645012069071092,0.999646010327647,"ORIEN",NA
"Schaalia.turicensis",NA,NA,NA,"ORIEN",NA
"Scheffersomyces.stipitis",-0.0596299616944192,0.983719224646442,0.999646010327647,"ORIEN",NA
"Schizosaccharomyces.pombe",-0.515052120307412,0.576571448862935,0.999646010327647,"ORIEN",NA
"Schlegelella.thermodepolymerans",0.122732329939989,0.966491773334856,0.999646010327647,"ORIEN",NA
"Schnuerera.ultunensis",-0.622352048145211,0.831364501337077,0.999646010327647,"ORIEN",NA
"Scytonema.sp..HK.05",NA,NA,NA,"ORIEN",NA
"Selenomonas.ruminantium",-0.574493232347874,0.833219897659205,0.999646010327647,"ORIEN",NA
"Selenomonas.sp..Marseille.Q3039",-0.500225087010871,0.864109734603405,0.999646010327647,"ORIEN",NA
"Selenomonas.sp..oral.taxon.126",0,1,NA,"ORIEN",NA
"Selenomonas.sp..oral.taxon.136",0,1,NA,"ORIEN",NA
"Selenomonas.sp..oral.taxon.478",-2.06619845973282,0.478258424550029,0.999646010327647,"ORIEN",NA
"Selenomonas.sp..oral.taxon.920",-0.970942225496548,0.739515232041968,0.999646010327647,"ORIEN",NA
"Selenomonas.sputigena",-4.4860067006444,0.0754395242547821,0.999646010327647,"ORIEN",NA
"Serpentinicella.alkaliphila",-0.453741561657632,0.876635854681378,0.999646010327647,"ORIEN",NA
"Serratia.grimesii",0.821418812277039,0.764282347979088,0.999646010327647,"ORIEN",NA
"Serratia.marcescens",NA,NA,NA,"ORIEN",NA
"Serratia.plymuthica",NA,NA,NA,"ORIEN",NA
"Serratia.rubidaea",-0.376928135006478,0.897374633882366,0.999646010327647,"ORIEN",NA
"Shewanella.pealeana",0.372224507211316,0.898594964187603,0.999646010327647,"ORIEN",NA
"Simbu.orthobunyavirus",-0.244861548570365,0.933231317053205,0.999646010327647,"ORIEN",NA
"Simplicispira.suum",-0.199421485689545,0.945597883177236,0.999646010327647,"ORIEN",NA
"Sinomonas.atrocyanea",-0.500225087011781,0.86410973460316,0.999646010327647,"ORIEN",NA
"Skermania.piniformis",-0.275411495067365,0.924926703954302,0.999646010327647,"ORIEN",NA
"Slackia.heliotrinireducens",-0.500225087025763,0.864109734599397,0.999646010327647,"ORIEN",NA
"Sodaliphilus.pleomorphus",NA,NA,NA,"ORIEN",NA
"Solibaculum.mannosilyticum",-0.719972805312159,0.772591662819286,0.999646010327647,"ORIEN",NA
"Solimonas.sp..K1W22B.7",0.62386617214217,0.823599154855261,0.999646010327647,"ORIEN",NA
"Solitalea.canadensis",NA,NA,NA,"ORIEN",NA
"Sorangium.cellulosum",NA,NA,NA,"ORIEN",NA
"Sphaerochaeta.coccoides",-0.795160031826947,0.785527835841787,0.999646010327647,"ORIEN",NA
"Sphaerochaeta.globosa",-0.304763045042039,0.916956114890669,0.999646010327647,"ORIEN",NA
"Sphaerotilus.natans",NA,NA,NA,"ORIEN",NA
"Sphingobacterium.lactis",NA,NA,NA,"ORIEN",NA
"Sphingobium.sp..CAP.1",NA,NA,NA,"ORIEN",NA
"Sphingomonas.hengshuiensis",-0.073617029226574,0.979086117883588,0.999646010327647,"ORIEN",NA
"Sphingomonas.sp..AP4.R1",-0.680496300049991,0.815870627463886,0.999646010327647,"ORIEN",NA
"Sphingomonas.sp..Cra20",-0.622352048198476,0.831364501322853,0.999646010327647,"ORIEN",NA
"Sphingomonas.sp..PAMC26645",-0.422316346656567,0.84574038894479,0.999646010327647,"ORIEN",NA
"Sphingopyxis.sp..LPB0140",-0.135840813658893,0.962924874826848,0.999646010327647,"ORIEN",NA
"Sphingosinicella.microcystinivorans",-0.0163974085738605,0.995522535152222,0.999646010327647,"ORIEN",NA
"Spirosoma.sp..KUDC1026",NA,NA,NA,"ORIEN",NA
"Sporisorium.graminicola",0.323088836732274,0.816904355515871,0.999646010327647,"ORIEN",NA
"Sporosarcina.pasteurii",NA,NA,NA,"ORIEN",NA
"Stackebrandtia.nassauensis",NA,NA,NA,"ORIEN",NA
"Staphylococcus.argenteus",NA,NA,NA,"ORIEN",NA
"Staphylococcus.aureus",-0.426652714062595,0.64741441779906,0.999646010327647,"ORIEN",NA
"Staphylococcus.auricularis",NA,NA,NA,"ORIEN",NA
"Staphylococcus.caprae",-0.500225087025763,0.864109734599397,0.999646010327647,"ORIEN",NA
"Staphylococcus.epidermidis",-0.325284368966661,0.911388671440915,0.999646010327647,"ORIEN",NA
"Staphylococcus.felis",NA,NA,NA,"ORIEN",NA
"Staphylococcus.pseudintermedius",-0.520233960055764,0.858727913076658,0.999646010327647,"ORIEN",NA
"Stenotrophomonas.maltophilia",-0.244861536797512,0.933231320255078,0.999646010327647,"ORIEN",NA
"Stenotrophomonas.sp..G4",-0.152713015213034,0.958324592253449,0.999646010327647,"ORIEN",NA
"Stenotrophomonas.sp..ZAC14A_NAIMI4_1",-0.725816464238869,0.802571811040769,0.999646010327647,"ORIEN",NA
"Stenotrophomonas.sp..ZAC14D2_NAIMI4_6",-0.453741561657632,0.876635854681378,0.999646010327647,"ORIEN",NA
"Steroidobacter.denitrificans",NA,NA,NA,"ORIEN",NA
"Stigmatella.aurantiaca",-0.23757129653156,0.935202859259204,0.999646010327647,"ORIEN",NA
"Streptacidiphilus.bronchialis",0.174214590833821,0.952447894208024,0.999646010327647,"ORIEN",NA
"Streptacidiphilus.sp..P02.A3a",-0.622352048202038,0.831364501321902,0.999646010327647,"ORIEN",NA
"Streptobacillus.moniliformis",NA,NA,NA,"ORIEN",NA
"Streptococcus.constellatus",0,1,NA,"ORIEN",NA
"Streptococcus.dysgalactiae",NA,NA,NA,"ORIEN",NA
"Streptococcus.gordonii",-0.424693490802585,0.884479061704342,0.999646010327647,"ORIEN",NA
"Streptococcus.lutetiensis",0,1,NA,"ORIEN",NA
"Streptococcus.mitis",NA,NA,NA,"ORIEN",NA
"Streptococcus.mutans",NA,NA,NA,"ORIEN",NA
"Streptococcus.parasanguinis",-0.0526570682078056,0.985622720731165,0.999646010327647,"ORIEN",NA
"Streptococcus.pneumoniae",0,1,NA,"ORIEN",NA
"Streptococcus.porcinus",-1.61591916734392,0.434318789645202,0.999646010327647,"ORIEN",NA
"Streptococcus.ruminantium",-1.57298990673561,0.59009050353251,0.999646010327647,"ORIEN",NA
"Streptococcus.sanguinis",0.720445792547378,0.805109690564353,0.999646010327647,"ORIEN",NA
"Streptococcus.sp..HSISM1",0.780201663444,0.789299377013049,0.999646010327647,"ORIEN",NA
"Streptococcus.thermophilus",-0.731845065195653,0.802162152542443,0.999646010327647,"ORIEN",NA
"Streptomyces.albidoflavus",-0.104925869581571,0.971357484195007,0.999646010327647,"ORIEN",NA
"Streptomyces.alfalfae",0,1,NA,"ORIEN",NA
"Streptomyces.broussonetiae",1.12747955205586,0.530773288130971,0.999646010327647,"ORIEN",NA
"Streptomyces.buecherae",-0.646780320712625,0.8247793333538,0.999646010327647,"ORIEN",NA
"Streptomyces.californicus",NA,NA,NA,"ORIEN",NA
"Streptomyces.clavuligerus",NA,NA,NA,"ORIEN",NA
"Streptomyces.collinus",0,1,NA,"ORIEN",NA
"Streptomyces.davaonensis",NA,NA,NA,"ORIEN",NA
"Streptomyces.ferrugineus",0.482847784007747,0.868657841947571,0.999646010327647,"ORIEN",NA
"Streptomyces.galilaeus",-0.500225087010871,0.864109734603405,0.999646010327647,"ORIEN",NA
"Streptomyces.globisporus",-0.258303570943904,0.929576252201019,0.999646010327647,"ORIEN",NA
"Streptomyces.griseochromogenes",-0.299335211910742,0.918429427970839,0.999646010327647,"ORIEN",NA
"Streptomyces.griseorubiginosus",NA,NA,NA,"ORIEN",NA
"Streptomyces.griseoviridis",-0.244861539957304,0.933231319395707,0.999646010327647,"ORIEN",NA
"Streptomyces.griseus",-0.311157287775652,0.915220874127403,0.999646010327647,"ORIEN",NA
"Streptomyces.hygroscopicus",-0.172291242243441,0.952988454072697,0.999646010327647,"ORIEN",NA
"Streptomyces.incarnatus",-0.0560741167409275,0.984689903287831,0.999646010327647,"ORIEN",NA
"Streptomyces.lavendulae",-0.622352048136294,0.831364501339458,0.999646010327647,"ORIEN",NA
"Streptomyces.liangshanensis",-0.521480437540952,0.85839285543197,0.999646010327647,"ORIEN",NA
"Streptomyces.lividans",-0.875268176522015,0.463682704119358,0.999646010327647,"ORIEN",NA
"Streptomyces.lydicus",-0.174827389151346,0.912249836684316,0.999646010327647,"ORIEN",NA
"Streptomyces.murinus",-1.28737420059165,0.243150889477663,0.999646010327647,"ORIEN",NA
"Streptomyces.olivoreticuli",0.309424527874821,0.915619347049951,0.999646010327647,"ORIEN",NA
"Streptomyces.paludis",-0.146965496645234,0.959891512977172,0.999646010327647,"ORIEN",NA
"Streptomyces.qinzhouensis",-0.500225087010871,0.864109734603405,0.999646010327647,"ORIEN",NA
"Streptomyces.rutgersensis",NA,NA,NA,"ORIEN",NA
"Streptomyces.sp..CCM_MD2014",0.361003238664383,0.901637228524912,0.999646010327647,"ORIEN",NA
"Streptomyces.sp..CdTB01",-2.28186103402718,0.13062418940737,0.999646010327647,"ORIEN",NA
"Streptomyces.sp..CMB.StM0423",-0.845395063353503,0.623383492836098,0.999646010327647,"ORIEN",NA
"Streptomyces.sp..fd1.xmd",-0.176166579927193,0.951932481188506,0.999646010327647,"ORIEN",NA
"Streptomyces.sp..jing01",-0.473735121146137,0.871244226326004,0.999646010327647,"ORIEN",NA
"Streptomyces.sp..NHF165",-0.385390444431359,0.895084751424044,0.999646010327647,"ORIEN",NA
"Streptomyces.sp..P3",-0.244861535799547,0.933231320526495,0.999646010327647,"ORIEN",NA
"Streptomyces.sp..RPA4.2",-0.700570567633614,0.810537438198209,0.999646010327647,"ORIEN",NA
"Streptomyces.sp..S063",-0.1218256770204,0.966747233387422,0.999646010327647,"ORIEN",NA
"Streptomyces.sp..SAT1",0,1,NA,"ORIEN",NA
"Streptomyces.sp..TLI_053",-0.136687105999321,0.96269409482631,0.999646010327647,"ORIEN",NA
"Streptomyces.sp..Tu6071",-0.203749686861519,0.944419291506479,0.999646010327647,"ORIEN",NA
"Streptomyces.sp..V17.9",NA,NA,NA,"ORIEN",NA
"Streptomyces.sp..WAC00288",0.402361612574595,0.890431536660269,0.999646010327647,"ORIEN",NA
"Streptomyces.sp..YIM.121038",NA,NA,NA,"ORIEN",NA
"Streptomyces.tsukubensis",-0.551417514710149,0.838667634827067,0.999646010327647,"ORIEN",NA
"Streptomyces.venezuelae",-0.303318905247515,0.917322990407961,0.999646010327647,"ORIEN",NA
"Streptomyces.viridosporus",NA,NA,NA,"ORIEN",NA
"Sugiyamaella.lignohabitans",0.349341154414443,0.884523560337004,0.999646010327647,"ORIEN",NA
"Sulfuricurvum.kujiense",NA,NA,NA,"ORIEN",NA
"Sulfurimicrobium.lacus",-0.500225087042424,0.864109734594913,0.999646010327647,"ORIEN",NA
"Sulfurimonas.sp..B2",-0.34521691576857,0.905971891003317,0.999646010327647,"ORIEN",NA
"Sutterella.faecalis",0.052284366426849,0.985722942189777,0.999646010327647,"ORIEN",NA
"Sutterella.megalosphaeroides",-0.326244350142465,0.911114141263597,0.999646010327647,"ORIEN",NA
"Sutterella.wadsworthensis",-0.584711894038044,0.840936132473345,0.999646010327647,"ORIEN",NA
"Symmachiella.dynata",0.474851694792681,0.870843261329904,0.999646010327647,"ORIEN",NA
"Synechococcus.lividus",-0.500225087025763,0.864109734599397,0.999646010327647,"ORIEN",NA
"Synechococcus.sp..A15.127",-1.41565577662603,0.627856769386587,0.999646010327647,"ORIEN",NA
"Synechococcus.sp..CC9902",-1.55698267833318,0.593616736555354,0.999646010327647,"ORIEN",NA
"Synechococcus.sp..JA.2.3B.a.2.13.",0,1,NA,"ORIEN",NA
"Synechococcus.sp..JA.3.3Ab",NA,NA,NA,"ORIEN",NA
"Talaromyces.rugulosus",-0.532390888994573,0.855447631046884,0.999646010327647,"ORIEN",NA
"Tannerella.forsythia",NA,NA,NA,"ORIEN",NA
"Tannerella.sp..oral.taxon.HOT.286",-0.317792206501851,0.913408382197427,0.999646010327647,"ORIEN",NA
"Telmatocola.sphagniphila",-0.248519965888826,0.93223639066981,0.999646010327647,"ORIEN",NA
"Tenacibaculum.dicentrarchi",-0.175741827645872,0.952048215468874,0.999646010327647,"ORIEN",NA
"Tenacibaculum.mesophilum",0.0303838085995088,0.99170312084653,0.999646010327647,"ORIEN",NA
"Tenuifilum.thalassicum",-0.453741561657632,0.876635854681378,0.999646010327647,"ORIEN",NA
"Tepidiforma.bonchosmolovskayae",-0.244861537132016,0.933231320164102,0.999646010327647,"ORIEN",NA
"Tepiditoga.spiralis",0.174214599771938,0.952447891770789,0.999646010327647,"ORIEN",NA
"Tessaracoccus.sp..MC1865",-0.0244820471746882,0.993315049818288,0.999646010327647,"ORIEN",NA
"Tetrapisispora.blattae",-0.108787409960394,0.970303955946346,0.999646010327647,"ORIEN",NA
"Tetrapisispora.phaffii",-0.108787413563777,0.970303954963278,0.999646010327647,"ORIEN",NA
"Thalassiosira.pseudonana",1.8419033048564,0.0571310131641835,0.999646010327647,"ORIEN",NA
"Thauera.aromatica",-0.914980212439989,0.754159485001611,0.999646010327647,"ORIEN",NA
"Theileria.annulata",-1.06100043059178,0.553143267230296,0.999646010327647,"ORIEN",NA
"Theileria.equi",-2.12756683043207,0.0574793602054674,0.999646010327647,"ORIEN",NA
"Theileria.parva",NA,NA,NA,"ORIEN",NA
"Thermaerobacter.sp..FW80",NA,NA,NA,"ORIEN",NA
"Thermanaerovibrio.velox",NA,NA,NA,"ORIEN",NA
"Thermincola.potens",-0.453741561657632,0.876635854681378,0.999646010327647,"ORIEN",NA
"Thermoanaerobacter.siderophilus",-0.622352048202038,0.831364501321902,0.999646010327647,"ORIEN",NA
"Thermoanaerosceptrum.fracticalcis",-0.500225087025763,0.864109734599397,0.999646010327647,"ORIEN",NA
"Thermoclostridium.stercorarium",-0.746973372527394,0.798242939379412,0.999646010327647,"ORIEN",NA
"Thermogutta.terrifontis",0.324456130487463,0.911555122942261,0.999646010327647,"ORIEN",NA
"Thermoleptolyngbya.sp..PKUAC.SCTB121",-1.78540968986426,0.540795611682849,0.999646010327647,"ORIEN",NA
"Thermothelomyces.thermophilus",-0.107609426761675,0.965123948785183,0.999646010327647,"ORIEN",NA
"Thermothielavioides.terrestris",0.337172046861911,0.815335926201464,0.999646010327647,"ORIEN",NA
"Thermotoga.maritima",0.453334902383172,0.876650049582585,0.999646010327647,"ORIEN",NA
"Thermovibrio.ammonificans",NA,NA,NA,"ORIEN",NA
"Thermovirga.lienii",-0.500225087039604,0.864109734595672,0.999646010327647,"ORIEN",NA
"Thermus.caldilimi",-0.51514278251677,0.860066815667756,0.999646010327647,"ORIEN",NA
"Thermus.oshimai",-0.299335211910742,0.918429427970839,0.999646010327647,"ORIEN",NA
"Thiolapillus.brandeum",-0.622352048145211,0.831364501337077,0.999646010327647,"ORIEN",NA
"Thiosulfatimonas.sediminis",-0.244861530522026,0.933231321961828,0.999646010327647,"ORIEN",NA
"Tissierella.sp..JN.28",0.210108245018605,0.942663936755771,0.999646010327647,"ORIEN",NA
"Tolumonas.auensis",0.398767914994596,0.891404412414931,0.999646010327647,"ORIEN",NA
"Toxoplasma.gondii",-1.16013125443741,0.232394468405354,0.999646010327647,"ORIEN",NA
"Treponema.denticola",-0.535671376208775,0.85458005294279,0.999646010327647,"ORIEN",NA
"Treponema.parvum",0.0171505527964473,0.995316720277599,0.999646010327647,"ORIEN",NA
"Treponema.phagedenis",NA,NA,NA,"ORIEN",NA
"Treponema.putidum",-0.317058905158696,0.913619702332988,0.999646010327647,"ORIEN",NA
"Treponema.socranskii",0,1,NA,"ORIEN",NA
"Treponema.sp..Marseille.Q4132",-2.00323434622724,0.492387849117798,0.999646010327647,"ORIEN",NA
"Treponema.sp..OMZ.804",-0.285132809822703,0.922273646365874,0.999646010327647,"ORIEN",NA
"Truepera.radiovictrix",-0.244861530522026,0.933231321961828,0.999646010327647,"ORIEN",NA
"Trypanosoma.brucei",-0.247470777748893,0.873955139779167,0.999646010327647,"ORIEN",NA
"Tupaiid.betaherpesvirus.1",NA,NA,NA,"ORIEN",NA
"Turicibacter.sp..H121",-0.244861545593661,0.933231317862782,0.999646010327647,"ORIEN",NA
"Turicimonas.muris",1.31771082033865,0.651601676335587,0.999646010327647,"ORIEN",NA
"Turneriella.parva",0.255388366485078,0.930332942884293,0.999646010327647,"ORIEN",NA
"uncultured.crAssphage",NA,NA,NA,"ORIEN",NA
"Urbifossiella.limnaea",0.386473020413422,0.831268164127857,0.999646010327647,"ORIEN",NA
"Ustilaginoidea.virens",0.0856884159812218,0.932334073459632,0.999646010327647,"ORIEN",NA
"Ustilago.maydis",0.803718493103889,0.360081602035186,0.999646010327647,"ORIEN",NA
"Vallitalea.pronyensis",-0.325284368966661,0.911388671440915,0.999646010327647,"ORIEN",NA
"Variovorax.paradoxus",-0.0935281957036032,0.974467396955475,0.999646010327647,"ORIEN",NA
"Veillonella.atypica",0.885674400622612,0.761603467732358,0.999646010327647,"ORIEN",NA
"Veillonella.parvula",-0.622352048089537,0.831364501351945,0.999646010327647,"ORIEN",NA
"Verminephrobacter.eiseniae",-0.984892677745914,0.661146742677362,0.999646010327647,"ORIEN",NA
"Verrucomicrobium.sp..GAS474",0.927732349852323,0.748975212391607,0.999646010327647,"ORIEN",NA
"Verrucomicrobium.spinosum",1.17410545249366,0.669199248908024,0.999646010327647,"ORIEN",NA
"Vibrio.alginolyticus",NA,NA,NA,"ORIEN",NA
"Vibrio.anguillarum",0.518158681274831,0.657291393114888,0.999646010327647,"ORIEN",NA
"Vibrio.cholerae",-1.61342179286193,0.580551701469859,0.999646010327647,"ORIEN",NA
"Vibrio.hyugaensis",NA,NA,NA,"ORIEN",NA
"Vibrio.phage.ValB1MD.2",-0.711073455460198,0.727656382589498,0.999646010327647,"ORIEN",NA
"Vibrio.taketomensis",0.372224507211316,0.898594964187603,0.999646010327647,"ORIEN",NA
"Vibrio.vulnificus",NA,NA,NA,"ORIEN",NA
"Wenzhouxiangella.marina",0,1,NA,"ORIEN",NA
"Winkia.sp..C64",NA,NA,NA,"ORIEN",NA
"Winogradskyella.sp..PG.2",-0.568190523443898,0.845855246381248,0.999646010327647,"ORIEN",NA
"X.Clostridium..hylemonae",-2.28769181445326,0.376862865818691,0.999646010327647,"ORIEN",NA
"X.Clostridium..innocuum",-0.924135366253688,0.751777893242217,0.999646010327647,"ORIEN",NA
"X.Clostridium..scindens",-2.69637183226561,0.210940359260994,0.999646010327647,"ORIEN",NA
"X.Eubacterium..cellulosolvens",-0.420886735560329,0.884533177583237,0.999646010327647,"ORIEN",NA
"X.Ruminococcus..gnavus",-0.620076313925543,0.726042289587111,0.999646010327647,"ORIEN",NA
"X.Ruminococcus..torques",-0.585397571111274,0.795093340113487,0.999646010327647,"ORIEN",NA
"Xanthomonas.albilineans",-0.284446810633501,0.922472209218745,0.999646010327647,"ORIEN",NA
"Xanthomonas.campestris",0.341863629036411,0.906829461033623,0.999646010327647,"ORIEN",NA
"Xanthomonas.translucens",-1.22143331268877,0.595964208159031,0.999646010327647,"ORIEN",NA
"Yarrowia.lipolytica",-0.610960590787074,0.834363492500289,0.999646010327647,"ORIEN",NA
"Yellowstone.lake.phycodnavirus.1",-0.244861535330185,0.933231320654148,0.999646010327647,"ORIEN",NA
"Yersinia.pestis",0,1,NA,"ORIEN",NA
"Zobellia.galactanivorans",-0.136687105999321,0.96269409482631,0.999646010327647,"ORIEN",NA
"Zygotorulaspora.mrakii",0.090272988023354,0.95514663762965,0.999646010327647,"ORIEN",NA
"Zymoseptoria.tritici",0.266886661876449,0.768744351210083,0.999646010327647,"ORIEN",NA
